Ticker,Date,Open,High,Low,Close,Volume,EPS,P_BV,Yield,P/E,ShareOut
24CS,8/1/2024,4.52,4.76,4.3,4.52,14069466,-0.19,3.656957929,,,430000000
2S,8/1/2024,2.94,2.96,2.92,2.96,18062,0.23,0.78891258,14.479999,12.782609,549996032
3BBIF,8/1/2024,5.65,5.75,5.65,5.65,5587752,,,,,
3K-BAT,8/1/2024,53.25,53.25,53.25,53.25,500,1.85,1.685766747,0.47,28.783783,78400000
7UP,8/1/2024,,,,,,,,,,
A,8/1/2024,4.98,4.98,4.98,4.98,500,-0.37,1.882797732,,,980000000
A5,8/1/2024,2.98,2.98,2.94,2.98,41600,0.47,2.333594362,1.66,6.3404255,1178000000
AAI,8/1/2024,5.5,5.6,5.35,5.55,11580206,0.26,2.300041442,4.0700004,20.769232,2124999936
AAV,8/1/2024,2.28,2.3,2.22,2.3,46259759,-0.02,3.691813804,,,12849999872
ABM,8/1/2024,1.36,1.36,1.28,1.3,13003,-0.11,1.159678858,,,400012000
ACAP,8/1/2024,,,,,,,,,,
ACC,8/1/2024,0.43,0.43,0.41,0.43,1785227,-0.04,0.997679814,,,1343059968
ACE,8/1/2024,1.31,1.32,1.3,1.32,1102296,0.11,0.860495437,,11.90909,10075599872
ACG,8/1/2024,0.83,0.83,0.82,0.8,18502,0.03,0.683760684,1.62,27.333334,600000000
ADB,8/1/2024,0.52,0.54,0.51,0.5,228800,-0.04,0.608272506,,,726000000
ADD,8/1/2024,4.32,4.34,4.32,4.32,9302,0.22,1.247833622,7.56,19.636364,160000000
ADVANC,8/1/2024,233,235,233,234,4572977,10.34,8.159564823,4.0599998,22.53385,2974000128
ADVICE,8/1/2024,4.48,4.52,4.38,4.46,7603838,0.32,3.222543353,1.5800001,13.687501,620000000
AE,8/1/2024,0.2,0.21,0.19,0.2,4811802,-0.03,0.434782609,,,5143070208
AEONTS,8/1/2024,114.5,118.5,114.5,114.5,280420,12.68,1.135856356,5.29,9.227129,250000000
AF,8/1/2024,0.57,0.58,0.54,0.56,9400,,1.642228739,,inf,1600000000
AFC,8/1/2024,4.74,4.9,4.74,4.76,407,-0.1,0.185922975,,,45574300
AGE,8/1/2024,1.31,1.34,1.3,1.3,385711,-0.1,0.482912333,15.87,,1196519936
AH,8/1/2024,16,16.2,16,16,237366,3.86,0.496585971,11.73,4.1709847,346840992
AHC,8/1/2024,16,16.1,15.8,16.1,3120,1.16,1.14517391,4.0599998,13.706897,149908992
AI,8/1/2024,3.44,3.46,3.42,3.46,59957,0.2,1.069551777,5.71,17.1,699998976
AIE,8/1/2024,1.09,1.11,1.08,1.09,123192,0.06,0.705501618,,18.000002,1384009984
AIRA,8/1/2024,1.59,1.76,1.58,1.7,1507,-0.03,3.171641791,0.63,,6314880000
AIT,8/1/2024,4.08,4.12,4.04,4.08,562236,0.36,1.44989339,7.96,11.222221,1536419968
AJ,8/1/2024,5.4,5.4,5.35,5.4,56900,-0.34,0.570101351,,,596497984
AJA,8/1/2024,0.18,0.19,0.18,0.18,5671538,,1.24137931,,,5362749952
AKP,8/1/2024,0.67,0.68,0.64,0.67,266500,0.06,0.443121693,2.8099999,11.000001,404000000
AKR,8/1/2024,0.86,0.87,0.85,0.85,522300,0.13,0.815738964,9.2,6.538462,1471900032
AKS,8/1/2024,0.01,0.01,0.01,0.01,10921111,,0.357142857,,,93683597312
ALL,8/1/2024,,,,,,,,,,
ALLA,8/1/2024,1.47,1.49,1.43,1.48,998033,0.18,0.93730209,7.84,8,600000000
ALPHAX,8/1/2024,0.71,0.72,0.69,0.71,1820701,-0.02,1.12164297,,,9292369920
ALT,8/1/2024,1.25,1.28,1.25,1.28,48609,0.04,0.896358543,,32,1132230016
ALUCON,8/1/2024,175,175,175,175,300,16.96,1.100220673,4.64,10.318397,43200000
AMA,8/1/2024,4.24,4.26,4.22,4.2,336302,0.53,0.711623179,15.93,7.962264,517916992
AMANAH,8/1/2024,1.2,1.22,1.17,1.18,1395570,0.13,0.752071383,1.39999995,9.307693,1184120064
AMARC,8/1/2024,1.29,1.31,1.28,1.28,105114,0.03,1.033091203,0.91,42.666668,420000000
AMARIN,8/1/2024,3.8,3.84,3.8,3.82,20301,0.23,0.804379869,4.5500003,16.608696,998281984
AMATA,8/1/2024,23.5,23.8,23.5,23.6,4580103,1.61,1.285263043,2.8299998,14.782608,1150000000
AMATAV,8/1/2024,4.72,4.74,4.7,4.72,41022,0.43,0.902140673,0.27,10.930232,1065900032
AMC,8/1/2024,3.24,3.28,3.24,3.26,185600,0.69,0.459478506,5.79,4.753623,480096000
AMR,8/1/2024,1.06,1.07,1.05,1.05,212410,-0.48,0.637522769,8.13,,590710016
ANAN,8/1/2024,0.59,0.6,0.58,0.59,2752068,-0.22,0.287384316,,,4166259968
ANI,8/1/2024,3.84,4,3.8,3.9,691210,0.42,0.928350393,1.2999999,9.476191,1848000000
AOT,8/1/2024,56,57,56,56.5,25182157,1.19,6.984794165,0.62,47.47899,14285700096
AP,8/1/2024,8.25,8.3,8.05,8.2,31806560,1.77,0.616355983,8.54,4.5480227,3145900032
APCO,8/1/2024,6.4,6.4,6.05,6.4,575059,0.15,6.136145733,2.98,40.666664,600000000
APCS,8/1/2024,2.24,2.24,2.22,2.2,114800,0.04,0.798838054,,56,660000000
APEX,8/1/2024,,,,,,,,,,
APO,8/1/2024,1.41,1.51,1.4,1.4,2880610,0.04,1.531728665,,35,340000000
APP,8/1/2024,1.29,1.31,1.2,1.28,477433,0.12,0.985373364,11.1099996,10.416667,280000000
APURE,8/1/2024,4.14,4.14,4.1,4.1,57100,0.42,1.64,7.35,9.761905,929686976
AQ,8/1/2024,,,,,,,,,,
AQUA,8/1/2024,0.39,0.42,0.38,0.38,47773928,0.02,0.370731707,,20.5,5712459776
ARIN,8/1/2024,1.05,1.08,0.9,1.03,1350185,-0.05,1.950757576,,,600000000
ARIP,8/1/2024,0.54,0.56,0.54,0.55,107900,0.02,1.115618661,3.9100002,28,466000000
ARROW,8/1/2024,5.6,5.6,5.5,5.55,11701,0.47,1.108669596,6.36,11.914893,256896992
AS,8/1/2024,3.98,4.14,3.88,3.9,3602024,0.49,2.105831533,7.63,8.163265,499247008
ASAP,8/1/2024,2.3,2.36,2.3,2.3,8410,-0.39,1.921470343,,,726000000
ASEFA,8/1/2024,3.48,3.48,3.46,3.5,4807,0.27,1.145662848,5.46,12.888888,529948000
ASIA,8/1/2024,6.4,6.45,6.35,6.4,5100,-0.13,0.345871163,8.189999,,320000000
ASIAN,8/1/2024,9.2,9.4,9.1,9.2,995148,0.61,1.153026695,6.2,14.999999,814088000
ASIMAR,8/1/2024,1.4,1.54,1.4,1.43,103100,0.08,0.847156398,5.41,18.75,258291008
ASK,8/1/2024,11.3,11.6,11.3,11.2,884822,1.88,0.545702592,10.5500005,6.0638294,527843008
ASN,8/1/2024,1.6,1.6,1.6,1.61,200,0.01,1.022222222,1.4400001,160,187200000
ASP,8/1/2024,2.28,2.3,2.26,2.28,415413,0.2,0.952778939,7.96,11.4,2105660032
ASW,8/1/2024,7.55,7.55,7.4,7.5,189514,1.2,0.98697197,3.3299997,6.2499995,899555968
ATP30,8/1/2024,0.89,0.9,0.88,0.88,185000,0.05,1.139896373,2.3,17.6,682310016
AU,8/1/2024,8.15,8.15,7.95,8.1,438740,0.24,6.367924528,2.6600001,33.125,815624000
AUCT,8/1/2024,9.85,9.9,9.85,9.85,247711,0.67,7.617942769,6.33,14.701492,550000000
AURA,8/1/2024,15.2,15.2,14.7,15.1,1701893,0.65,3.384132676,2.14,22.615385,1334000000
AWC,8/1/2024,3.64,3.7,3.56,3.64,84398815,0.16,1.307471264,1.3300001,22.25,32004999168
AYUD,8/1/2024,32.75,33.25,32.75,33.25,26406,2.44,0.956779466,9.9700004,13.6270485,389267008
B,8/1/2024,0.08,0.09,0.08,0.08,2455781,0.04,0.183486239,,2,8074010112
B52,8/1/2024,0.42,0.42,0.42,0.42,200,-0.05,1.990521327,,,737347008
BA,8/1/2024,21.1,21.2,20.7,21,3945098,1.95,2.288329519,4.7199998,10.615385,2100000000
BAFS,8/1/2024,13.3,13.7,12.8,13.3,1581491,-0.23,1.875616979,2.0399999,,637496000
BAM,8/1/2024,6.75,7.05,6.75,6.75,10965325,0.52,0.495158451,5.59,13.365385,3232039936
BANPU,8/1/2024,4.96,5.05,4.96,4.96,48735877,0.18,13.29758713,8.0299996,27.777777,10018899968
BAY,8/1/2024,24.4,24.4,24.3,24.4,172582,4.33,0.468798033,3.72,5.612009,7355760128
BBGI,8/1/2024,5.5,5.6,5.4,5.45,2909176,0.11,0.82877129,0.92,49.09091,1446000000
BBIK,8/1/2024,31.75,32.25,30.75,31.5,566225,1.45,3.517195176,1.26,21.206896,200015008
BBL,8/1/2024,137,137.5,136,137,4712491,22.02,0.479545797,5.15,6.1989098,1908839936
BC,8/1/2024,0.71,0.79,0.71,0.72,256305,-0.3,0.681173132,,,571724992
BCH,8/1/2024,17.2,17.3,17,17.2,4564084,0.59,3.316621674,2.91,28.81356,2494000128
BCP,8/1/2024,32.75,33.5,32.25,31.5,29247737,9.04,0.661222948,6.25,3.7057521,1376920064
BCPG,8/1/2024,5.5,5.65,5.45,5.5,2344856,0.35,0.525260243,4.5500003,16.142859,2995760128
BCT,8/1/2024,71.75,75.25,71.5,70.75,91041,15.31,0.641694254,1.95,4.898759,300000000
BDMS,8/1/2024,26.25,26.25,26,26.25,16906239,0.94,4.183933695,2.6400002,27.659575,15891999744
BE8,8/1/2024,15.3,15.7,15.1,15.1,583515,0.83,1.419706657,1.53,18.313253,264708992
BEAUTY,8/1/2024,0.45,0.47,0.45,0.45,3014956,-0.01,2.045454545,,,2994190080
BEC,8/1/2024,3.82,3.82,3.7,3.78,349545,0.11,1.227272727,1.64,34,2000000000
BEM,8/1/2024,7.75,7.85,7.7,7.8,24999783,0.24,3.064833006,1.77,32.291668,15075699712
BEYOND,8/1/2024,9,9.1,8.95,9,49411,0.71,0.409966747,,12.605634,290068992
BGC,8/1/2024,6.25,6.4,6.25,6.35,29802,0.5,0.899051395,4.48,12.7,694444032
BGRIM,8/1/2024,21.9,23.1,21.9,21.6,31197803,0.38,2.449257285,1.62,60,2606899968
BGT,8/1/2024,0.58,0.6,0.58,0.58,7100,-0.16,0.647321429,,,363520000
BH,8/1/2024,247,247,245,246,1618590,8.54,7.573658446,1.84,28.922716,794915968
BIG,8/1/2024,0.41,0.42,0.4,0.41,260700,0.02,0.823293173,3.57,21,3528880128
BIOTEC,8/1/2024,0.24,0.25,0.23,0.24,1252400,-0.03,0.607594937,,,3053360128
BIS,8/1/2024,3.26,3.3,3.18,3.2,113800,0.18,1.273378432,3.27,18,314000000
BIZ,8/1/2024,3.28,3.3,3.26,3.26,20024,0.32,2.34870317,9.2,10.25,600734976
BJC,8/1/2024,20.8,21.1,20.8,20.7,5396623,1,0.689609221,3.85,20.9,4007800064
BJCHI,8/1/2024,1.58,1.58,1.49,1.55,2840146,0.22,0.671868227,5.41,6.8636365,1599040000
BKD,8/1/2024,1.24,1.26,1.23,1.24,23305,,,,14.5348835,
BKGI,8/1/2024,2.06,2.08,2,2.06,2747886,0.04,2.487922705,,50.5,600000000
BKI,8/1/2024,282,291,282,286,4982,26.77,0.910230868,7.69,10.6836,106470000
BKIH,8/1/2024,283,284,283,283,3432,,0.900682991,,,104045000
BLA,8/1/2024,17.6,18.1,17.6,17.5,1043436,1.78,0.648604574,2.74,10,1707570048
BLAND,8/1/2024,0.55,0.55,0.54,0.54,2756860,0.06,0.193965517,1.85,9.166667,17352599552
BLC,8/1/2024,5.05,5.05,4.96,5.05,1123637,0.26,1.875928678,2.7999999,19.23077,600000000
BLESS,8/1/2024,0.48,0.49,0.46,0.48,146105,-0.01,0.331720802,,,800000000
BLISS,8/1/2024,,,,,,,,,,
BM,8/1/2024,2.62,2.64,2.6,2.62,337900,0.06,1.69469599,2.72,43.666664,607934016
BOL,8/1/2024,6.3,6.4,6.25,6.3,29584,0.35,4.722638681,5.5999998,18.285715,820505024
BPP,8/1/2024,12.2,12.3,12.2,12.1,222882,1.27,0.696683556,6.61,9.6850395,3047729920
BPS,8/1/2024,0.7,0.72,0.67,0.71,7570938,0.05,1.118110236,,13.400001,400000000
BR,8/1/2024,2.38,2.4,2.34,2.38,287400,0.31,0.450501609,,7.7419357,913446976
BRI,8/1/2024,4.36,4.44,4.36,4.36,481804,1.36,0.659008464,33.470002,3.25,853081024
BROCK,8/1/2024,1.46,1.55,1.46,1.55,30100,-0.01,1.258116883,0.58,,1025000000
BROOK,8/1/2024,0.59,0.62,0.59,0.62,143467789,0.11,1.61038961,3.23,5.6363635,9315210240
BRR,8/1/2024,4.36,4.36,4.3,4.3,86000,0.83,1.005847953,4.65,5.253012,812099968
BSBM,8/1/2024,0.72,0.73,0.71,0.73,153600,-0.05,0.451453309,,,1121180032
BSM,8/1/2024,2.4,2.46,2.36,2.46,35900,-0.15,1.253183902,,,213051008
BSRC,8/1/2024,7.55,7.65,7.5,7.4,2256560,1.02,0.87223008,3.3099998,7.4019613,3460859904
BTC,8/1/2024,0.52,0.52,0.51,0.52,3678236,0.11,1.350649351,3.85,4.6363635,12286400512
BTG,8/1/2024,23.5,23.8,22.7,23.6,2117156,-0.98,1.817761688,1.05,,1935000064
BTNC,8/1/2024,17.5,17.5,16.7,16.9,1,1.13,0.411022205,,14.955752,12000000
BTS,8/1/2024,4.32,4.32,4.22,4.3,87964516,-0.4,1.216407355,7.66,,13167599616
BTW,8/1/2024,0.21,0.21,0.19,0.22,2123808,-1.01,0.648967552,,,756000000
BUI,8/1/2024,14,14.4,14,14.4,42,2.42,0.660974938,2.08,5.9504128,41248300
BVG,8/1/2024,2.72,2.72,2.6,2.66,18000,0.15,1.594724221,3.09,17.866667,450000000
BWG,8/1/2024,0.44,0.44,0.42,0.43,12087257,-0.02,0.58423913,,,5401200128
BYD,8/1/2024,0.88,0.95,0.79,0.91,132929130,-0.05,0.391397849,,,5210630144
CAZ,8/1/2024,2.8,2.84,2.8,2.78,83525,0.72,0.802540416,7.6,3.9166665,294000000
CBG,8/1/2024,65.75,67,65.5,66,2206338,2.29,5.437021171,1.53,28.71179,1000000000
CCET,8/1/2024,3.76,3.88,3.68,3.72,50651115,0.17,1.383413909,4.1199997,21.882353,10449999872
CCP,8/1/2024,0.29,0.3,0.29,0.29,447504,0.04,0.545112782,3.45,7.5000005,2768029952
CEN,8/1/2024,1.98,2,1.96,1.99,89100,-0.4,0.973105134,,,745161984
CENTEL,8/1/2024,41.25,41.5,40.5,41.25,1585664,1.01,2.678397507,0.99,40.09901,1350000000
CEYE,8/1/2024,3.44,3.46,3.42,3.44,19901,0.18,1.537086685,4.3899998,19.222221,289960000
CFARM,8/1/2024,1.44,1.47,1.37,1.43,20446802,0.05,1.347785108,,28,580000000
CFRESH,8/1/2024,2.04,2.1,1.99,2.04,4188435,0.16,0.762331839,,12.75,927099008
CGD,8/1/2024,0.34,0.34,0.33,0.33,10951800,,0.639534884,,inf,8266129920
CGH,8/1/2024,0.7,0.7,0.69,0.7,440665,-0.03,0.471380471,,,4102449920
CH,8/1/2024,2.62,2.62,2.56,2.6,317010,0.12,1.590214067,1.5700001,21.5,800000000
CHAO,8/1/2024,12.1,12.4,11.8,12.1,2854055,0.57,7.971014493,,20.701756,300000000
CHARAN,8/1/2024,21.6,21.7,21.6,21.7,1,1.15,0.467028237,5.7600003,18.869566,12000000
CHASE,8/1/2024,1.42,1.45,1.4,1.4,2785751,0.11,0.81300813,,12.818182,1985440000
CHAYO,8/1/2024,2.74,2.92,2.74,2.76,1821687,0.26,0.936863544,1.3300001,11,1137190016
CHEWA,8/1/2024,0.36,0.36,0.34,0.36,67200,-0.04,0.239520958,3.59,,1275030016
CHG,8/1/2024,2.44,2.52,2.44,2.4,39096623,0.1,3.389830508,4.0700004,24.8,11000000512
CHIC,8/1/2024,0.48,0.51,0.48,0.5,27700,0.01,0.8,0.4,50,1360000000
CHO,8/1/2024,0.07,0.08,0.07,0.08,5036368,0.15,0.206718346,,0.5333333,2458050048
CHOTI,8/1/2024,70.5,70.5,70.25,70.25,1,15.97,0.551131683,12.69,4.398873,7500000
CHOW,8/1/2024,2.46,2.46,2.42,2.44,42400,0.62,0.941721343,,3.903226,800000000
CI,8/1/2024,0.54,0.58,0.54,0.54,567586,-0.12,0.359281437,,,1066860032
CIG,8/1/2024,0.05,0.05,0.04,0.05,406200,,0.193050193,,inf,3611579904
CIMBT,8/1/2024,0.45,0.45,0.44,0.45,401852,0.05,0.321888412,2.0499999,8.8,34822299648
CITY,8/1/2024,2.1,2.14,2.1,2.14,5101,-0.07,0.492633517,,,300000000
CIVIL,8/1/2024,1.91,1.91,1.88,1.9,199305,0.1,0.728807058,0.67000003,19.099998,700000000
CK,8/1/2024,19.4,19.5,19.2,19.4,1459946,0.83,1.279598971,1.54,23.253012,1693900032
CKP,8/1/2024,3.92,3.96,3.9,3.88,7942505,0.14,1.199011125,2.24,28.142857,8129379840
CM,8/1/2024,2.18,2.18,2.16,2.16,15600,0.31,0.605890603,4.1300002,6.967742,381145984
CMAN,8/1/2024,2.32,2.36,2.32,2.32,213400,0.23,0.862774266,2.99,10.173912,960000000
CMC,8/1/2024,1.16,1.16,1.12,1.14,1246,-0.17,0.54676259,0.32,,1102370048
CMO,8/1/2024,0.78,0.78,0.73,0.73,363510,-0.37,0.924050633,,,426175008
CMR,8/1/2024,1.75,1.78,1.75,1.76,108749,0.05,1.775983855,3.11,35.6,4071119872
CNT,8/1/2024,1.1,1.12,1.08,1.09,390700,0.03,0.675340768,,36.000004,1027900032
COCOCO,8/1/2024,12.3,12.4,12.1,12.3,3383302,0.29,5.07635163,3.75,42.068966,1470000000
COLOR,8/1/2024,1.24,1.24,1.13,1.22,300,0.06,0.879596251,2.6300002,18.833334,588966016
COM7,8/1/2024,20.5,20.7,20.2,20.4,5436681,1.17,5.687203791,3.3,17.521368,2368000000
COMAN,8/1/2024,3.16,3.5,3.08,3.18,437805,-0.11,1.268954509,,,134000000
COTTO,8/1/2024,,,,,,,,,,
CPALL,8/1/2024,58,58.25,57.25,58.25,25951228,2.25,4.835228688,1.76,25.777779,8983000064
CPANEL,8/1/2024,4.02,4.1,3.98,3.92,15800,0.31,1.240113888,4.19,12.903226,163179008
CPAXT,8/1/2024,30.5,31,30.25,30.5,6531682,0.85,1.105873822,1.9299999,36.176468,10579999744
CPF,8/1/2024,24,24,22.7,24,76448444,-0.28,0.893122953,3.45,,7743569920
CPH,8/1/2024,8.4,8.7,8.4,8.5,46604,1.81,0.315644844,5.88,4.6961327,40000000
CPI,8/1/2024,2.14,2.2,2.14,2.14,201501,0.12,0.513558915,5.09,18.166668,632753024
CPL,8/1/2024,1.28,1.28,1.26,1.28,82301,-0.29,0.67976633,,,439844000
CPN,8/1/2024,55.5,56.25,55.5,55.25,8184777,3.56,2.566425121,3.2,15.660112,4488000000
CPR,8/1/2024,3.72,3.8,3.72,3.8,16200,0.23,1.135005974,2.99,16.521738,199000000
CPT,8/1/2024,0.75,0.76,0.74,0.75,536438,0.1,0.710227273,3.21,7.4,900000000
CPW,8/1/2024,2.66,2.7,2.6,2.64,593005,0.23,1.797140912,3.05,11.304347,600000000
CRANE,8/1/2024,0.83,0.85,0.83,0.83,351847,0.13,0.763569457,,6.3846154,758188032
CRC,8/1/2024,31.75,31.75,30.75,31.75,10804890,1.33,2.650250417,1.6900001,23.30827,6031000064
CRD,8/1/2024,0.42,0.44,0.4,0.43,204100,-0.11,0.793357934,,,500000000
CREDIT,8/1/2024,17.4,17.5,17,17.2,9306,2.61,1.023504909,,6.51341,1233820032
CSC,8/1/2024,43,43,43,44,201,4.36,0.569277147,4.16,9.862385,52000700
CSP,8/1/2024,1.02,1.02,1,1.01,4800,-0.22,0.762264151,,,496168992
CSR,8/1/2024,78.5,79.75,78.5,79.75,801,2.52,1.34655973,2,31.646826,20500000
CSS,8/1/2024,0.79,0.8,0.79,0.8,283707,-0.01,0.543478261,2.56,,1175740032
CTW,8/1/2024,4.1,4.2,4.1,4.28,9700,-0.09,0.440283921,1.11,,397905984
CV,8/1/2024,0.24,0.24,0.22,0.24,8170501,-0.47,0.247933884,,,1692259968
CWT,8/1/2024,1.13,1.14,1.11,1.13,209916,-0.11,0.384615385,3.72,,630115968
D,8/1/2024,3.42,3.44,3.38,3.4,209120,0.17,1.928530913,3.61,19.882353,342196000
DCC,8/1/2024,2.04,2.16,2,2.04,27540461,0.13,2.712765957,3.1,15.384616,9125610496
DCON,8/1/2024,0.33,0.34,0.33,0.34,986249,0.03,0.6640625,5.71,11.333334,5386339840
DDD,8/1/2024,9.05,10.9,8.9,8.9,124802,-0.06,0.621551784,0.28,,317888000
DELTA,8/1/2024,102.5,105,101.5,102,15019631,1.69,17.1688268,0.49,61.242603,12473799680
DEMCO,8/1/2024,3.56,3.62,3.52,3.54,191400,-0.77,0.723039216,,,730491008
DEXON,8/1/2024,1.45,1.49,1.42,1.45,63500,0.05,0.80690039,3.54,28.599998,476500000
DHOUSE,8/1/2024,0.65,0.66,0.61,0.66,114600,-0.02,1.294117647,,,906667008
DIMET,8/1/2024,0.19,0.2,0.18,0.2,926820,-0.03,1.369863014,,,2438119936
DITTO,8/1/2024,12.5,12.9,12.4,12.3,2380867,0.52,2.510204082,2.0499999,24.038462,693913984
DMT,8/1/2024,12,12.1,11.9,12,548365,0.87,1.6183412,8.9099996,13.793103,1181229952
DOD,8/1/2024,1.79,1.82,1.77,1.8,74800,0.09,0.766283525,,20.222221,450414016
DOHOME,8/1/2024,11.2,11.3,11,11.2,3787996,0.18,2.911359501,0.04,62.777775,3229550080
DPAINT,8/1/2024,1.6,1.63,1.59,1.58,20600,-0.15,0.605132133,12.560001,,230000000
DRT,8/1/2024,8,8.05,7.95,8,68147,0.78,2.457002457,6.54,10.256411,855033024
DTCENT,8/1/2024,1.19,1.2,1.17,1.18,915985,0.07,1.023417173,4.1100003,16.714285,1315769984
DTCI,8/1/2024,28.25,37,28.25,29,2100,0.51,0.729247869,0.92,58.823532,10000000
DUSIT,8/1/2024,10.7,10.8,10.3,10.4,580204,-0.73,4.373423045,,,845284992
DV8,8/1/2024,0.38,0.38,0.37,0.39,25711,-0.02,0.689045936,,,1319920000
EA,8/1/2024,3.4,4.16,3.1,3.6,643064266,1.66,0.322176481,7.32,2.301205,3713339904
EASON,8/1/2024,1.22,1.23,1.2,1.22,1170600,0.2,0.61928934,4.2,6,566764992
EASTW,8/1/2024,2.68,2.68,2.62,2.66,136431,0.09,0.385786802,3.85,29.333334,1663730048
ECF,8/1/2024,0.43,0.44,0.42,0.43,241700,-0.18,0.342084328,1.13,,959505984
ECL,8/1/2024,0.82,0.83,0.8,0.81,975200,0.07,0.471204188,6.5799996,11.428572,1108860032
EE,8/1/2024,0.13,0.14,0.12,0.13,322900,-0.25,0.379008746,,,2780000000
EFORL,8/1/2024,0.09,0.1,0.09,0.09,2885606,,0.714285714,,inf,3998479872
EGCO,8/1/2024,98,100,97.75,98,672490,-16.61,0.469798658,6.57,,526464992
EKH,8/1/2024,6.65,6.7,6.5,6.65,609604,0.37,2.244346946,4.7199998,17.837837,777337984
EMC,8/1/2024,0.07,0.08,0.06,0.07,5647800,-0.04,0.53030303,,,12570600448
EP,8/1/2024,2.1,2.12,2.02,2.1,346841,-0.22,0.56542811,,,932507008
EPG,8/1/2024,4.52,4.6,4.48,4.6,2150187,0.42,1.035802747,4.27,10.666667,2800000000
ERW,8/1/2024,3.8,3.88,3.76,3.8,17027513,0.2,2.540106952,1.75,19.099998,4886929920
ESSO,8/1/2024,,,,,,,,,,
ESTAR,8/1/2024,0.21,0.23,0.21,0.21,2327300,0.01,0.216494845,,22,5022249984
ETC,8/1/2024,1.85,1.88,1.83,1.86,235005,0.01,1.439628483,,186,2240000000
ETE,8/1/2024,1.06,1.06,1.03,1.04,122500,0.08,0.599078341,2.7999999,12.875,560000000
ETL,8/1/2024,0.93,0.94,0.91,0.92,896110,0.08,0.854224698,,11.375001,620000000
EURO,8/1/2024,6.2,6.2,6.1,6.2,2700,,,,11.090909,
EVER,8/1/2024,0.13,0.13,0.12,0.13,1011900,-0.06,0.299539171,,,4854790144
F&D,8/1/2024,37.25,38,37.25,37.25,4300,,0.514438813,,,17624300
FANCY,8/1/2024,0.39,0.42,0.38,0.4,828100,0.01,0.29739777,,39,615000000
FE,8/1/2024,190,190,190,190,1,13.62,1.017833515,4.4699997,13.950073,7870000
FLOYD,8/1/2024,0.72,0.72,0.71,0.72,116602,0.01,0.698351115,1.74,71,444443008
FM,8/1/2024,4.7,4.74,4.64,4.64,32713791,,,,14.181817,
FMT,8/1/2024,35.25,35.5,35.25,35.25,316,1.61,1.00959473,7.29,22.049688,48000000
FN,8/1/2024,1.08,1.1,1.06,1.07,487820,-0.22,1.031822565,,,1000000000
FNS,8/1/2024,2.9,2.92,2.84,2.84,5,1.42,0.301614274,6.21,2,500651008
FORTH,8/1/2024,10.3,10.7,10,10.4,1063987,0.46,4.482758621,4.1500002,21.956522,935374976
FPI,8/1/2024,2.1,2.12,2.04,2.1,337412,0.25,1.35483871,3.88,8.48,1513030016
FPT,8/1/2024,14,14.1,14,14.5,12501,0.73,0.929785188,2.76,19.31507,2319280128
FSMART,8/1/2024,5.05,5.25,5,5.05,1472205,0.42,3.007742704,7.47,12.02381,753140992
FSS,8/1/2024,,,,,,,,,,
FSX,8/1/2024,2.58,2.64,2.58,2.58,15400,-0.43,0.590253946,,,818867008
FTE,8/1/2024,1.53,1.53,1.51,1.53,115400,0.16,1.164383562,11.26,9.5625,660000000
FTI,8/1/2024,2.14,2.14,2.08,2.1,51700,0.1,1.307596513,3.3,20.999998,450000000
FVC,8/1/2024,0.73,0.73,0.71,0.72,60100,0.17,0.681173132,1.39,4.2352943,543142976
GABLE,8/1/2024,3.6,3.7,3.58,3.6,216001,0.34,1.151631478,8.0299996,10.705882,700020992
GBX,8/1/2024,0.66,0.68,0.66,0.67,172588,0.04,0.491202346,8.33,17,1089080064
GC,8/1/2024,4.92,4.94,4.9,4.92,46390,0.4,3.247524752,7.35,12.25,440000000
GCAP,8/1/2024,0.55,0.57,0.55,0.54,649417,0.02,0.5,,28,466327008
GEL,8/1/2024,0.1,0.1,0.09,0.1,807400,-0.06,0.257731959,,,8612049920
GENCO,8/1/2024,0.42,0.42,0.41,0.42,139724,-0.07,0.380779692,,,1108710016
GFC,8/1/2024,8,8,7.85,8,141814,0.4,3.134796238,3.41,19.75,220000000
GFPT,8/1/2024,13,13.1,12.8,13,3196064,1.23,0.901963505,1.15,10.650407,1253820032
GGC,8/1/2024,4.84,4.98,4.84,4.86,1605,-0.29,0.512171989,7.17,,1023670016
GIFT,8/1/2024,3.9,4.04,3.9,3.88,624200,0.07,4.766584767,,56.57143,1321619968
GJS,8/1/2024,0.18,0.19,0.18,0.19,266820,-0.02,0.398322851,,,25487099904
GL,8/1/2024,,,,,,,,,,
GLAND,8/1/2024,1.69,1.69,1.69,1.51,101,0.06,0.621655002,1.56,28.166668,6499829760
GLOBAL,8/1/2024,15.4,15.6,15.3,15.4,3930756,0.49,3.351468988,1.1,31.836735,5201860096
GLOCON,8/1/2024,0.24,0.25,0.24,0.25,3946500,-0.13,1.054852321,,,3076400128
GLORY,8/1/2024,1.2,1.2,1.17,1.2,12200,-0.17,1.257861635,4.05,,270483008
GPI,8/1/2024,1.64,1.64,1.57,1.64,376952,0.09,1.136521137,6.88,17.666666,600000000
GPSC,8/1/2024,39.75,41.25,39.5,39.75,18777264,1.22,1.027902045,1.91,33.606556,2819729920
GRAMMY,8/1/2024,6.95,7,6.8,6.9,60700,0.11,3.47082495,,62.727272,819950016
GRAND,8/1/2024,0.09,0.1,0.08,0.1,1285835,-0.08,0.321543408,,,9341120512
GREEN,8/1/2024,1.04,1.04,1.01,1.04,1225216,-0.02,1.087866109,,,818025024
GSC,8/1/2024,0.82,0.92,0.81,0.82,12900,-0.54,2.081218274,,,250000000
GSTEEL,8/1/2024,,,,,,,,,,
GTB,8/1/2024,0.7,0.71,0.7,0.72,109500,0.07,0.85106383,5.63,10,960000000
GTV,8/1/2024,0.13,0.13,0.12,0.12,5309312,13.68,0.579710145,,0.00877193,13130999808
GULF,8/1/2024,47.5,48.25,47.5,47.75,25348414,1.24,4.644038125,1.86,38.508064,11733099520
GUNKUL,8/1/2024,2.1,2.18,2.1,2.08,29878396,0.15,1.298377029,8.65,14.266666,8601610240
GYT,8/1/2024,162,162,162,163,3100,7.86,0.331730984,4.24,20.610687,7400000
HANA,8/1/2024,47,47.5,46.25,46.5,7540144,2.16,1.367928691,2.17,21.527777,885366976
HARN,8/1/2024,2.12,2.14,2.1,2.12,72200,0.19,0.885177453,7.08,11.157894,584499968
HEALTH,8/1/2024,1.2,1.22,1.2,1.21,5401,-0.7,0.679012346,,,384255008
HEMP,8/1/2024,,,,,,,,,,
HENG,8/1/2024,1.09,1.11,1.08,1.07,2345254,0.09,0.749824807,6.46,12.111111,3809999872
HFT,8/1/2024,4.32,4.38,4.32,4.32,252701,0.57,0.794994479,6.82,7.649123,658433984
HL,8/1/2024,9.05,9.1,8.85,8.95,126325,0.29,2.467604081,1.66,30.517244,272000000
HMPRO,8/1/2024,9.1,9.1,8.9,9.1,30302550,0.49,4.602933738,4.8899997,18.265305,13151200256
HPT,8/1/2024,0.52,0.53,0.51,0.53,3986202,0.04,1.079429735,6.3,12.75,662078976
HTC,8/1/2024,15.8,15.9,15.7,15.7,84438,2.26,1.534851892,7.18,6.9469028,401920992
HTECH,8/1/2024,3.7,3.82,3.66,3.7,1757097,0.17,0.854503464,1.48,21.764706,300000000
HUMAN,8/1/2024,10.7,10.8,10.7,10.7,462813,0.38,2.436802551,2.0599999,28.157894,867443968
HYDRO,8/1/2024,0.42,0.42,0.36,0.41,28850,-0.2,3.014705882,,,470120992
I2,8/1/2024,1.84,1.85,1.83,1.84,202700,0.21,1.212121212,5.41,8.761906,420000000
ICC,8/1/2024,31.75,32.25,31.75,31.75,1801,0.42,0.397929513,3.47,76.190475,365366016
ICHI,8/1/2024,16,16.1,15.6,16.1,6638489,0.96,3.371021776,9.88,16.354166,1300000000
ICN,8/1/2024,2.04,2.06,1.99,2.02,352410,0.26,1.518796992,16.18,7.769231,672099968
IFEC,8/1/2024,0.04,0.05,0.03,0.05,154483095,-0.37,-0.013528139,,,2020839936
IFS,8/1/2024,2.38,2.44,2.38,2.42,3601,0.3,0.663013699,6.89,8.066667,493500000
IHL,8/1/2024,2.2,2.2,2.16,2.18,80300,0.04,0.788997467,4.8499998,54.500004,592806016
IIG,8/1/2024,5.65,5.7,5.5,5.6,68200,-2.82,1.069314493,,,108724000
III,8/1/2024,5.9,5.95,5.75,5.95,563575,1.02,1.208121827,6.26,5.7352943,782753024
ILINK,8/1/2024,5.9,5.95,5.85,5.85,226200,1.12,0.74210326,6.72,5.3125,543632000
ILM,8/1/2024,17.9,17.9,17.1,17.9,473407,1.51,1.464332461,5.6500003,11.456953,505000000
IMH,8/1/2024,5.65,5.75,5.5,5.75,50526,-0.04,1.496616346,2.0299999,,214002000
IND,8/1/2024,0.83,0.83,0.81,0.82,63100,0.02,0.68162926,1.79,41,350000000
INET,8/1/2024,4.42,4.46,4.42,4.44,86218,0.52,0.833020638,2.6500002,8.538462,500967008
INGRS,8/1/2024,0.37,0.37,0.36,0.36,238400,-0.01,0.484522207,,,1446940032
INOX,8/1/2024,0.44,0.45,0.43,0.44,479600,-0.01,0.381613183,4.42,,7795709952
INSET,8/1/2024,2.44,2.44,2.32,2.4,5120310,0.13,1.400233372,3.85,17.846153,812772992
INSURE,8/1/2024,92,93,92,92,13200,23.7,0.749863476,,3.8818564,12000000
INTUCH,8/1/2024,81.75,82.5,81.5,82.25,9549980,4.28,7.011935209,4.1500002,19.100466,3206690048
IP,8/1/2024,3.54,3.62,3.54,3.46,920794,0.04,1.085660496,1.0199999,89,605344000
IRC,8/1/2024,13,13,12.7,13.2,6100,1.17,0.635930048,3.21,11.111112,192208000
IRCP,8/1/2024,0.52,0.53,0.51,0.52,647000,0.07,0.511811024,4.63,7.5714283,623481024
IRPC,8/1/2024,1.48,1.5,1.46,1.47,24240692,-0.07,0.387351779,2.07,,20410599424
IT,8/1/2024,5.2,5.2,4.96,5.05,1463017,0.18,1.567349472,2.25,27.555555,366399008
ITC,8/1/2024,22.2,22.4,21.8,22.1,1913715,0.89,2.813136456,2.7,24.49438,3000000000
ITD,8/1/2024,0.6,0.61,0.59,0.61,2308977,-0.24,0.442670537,,,5279869952
ITEL,8/1/2024,2.58,2.62,2.52,2.58,4745501,0.24,0.901152637,2.6400002,10.583333,1388930048
ITNS,8/1/2024,1.63,1.65,1.63,1.64,66801,0.29,0.746812386,7.65,5.62069,
ITTHI,8/1/2024,1.8,1.81,1.77,1.79,463700,0.11,1.36121673,,16.181818,270000000
IVL,8/1/2024,19.3,19.5,19.2,19.3,10703426,-2.04,0.680872081,3.7,,5614550016
J,8/1/2024,1.32,1.44,1.32,1.32,773722,0.15,0.532258065,1.5800001,9.266666,1460729984
JAK,8/1/2024,1.09,1.2,1.09,1.08,35800,0.11,0.749479528,5.21,10.272727,320000000
JAS,8/1/2024,2.76,2.82,2.66,2.78,62776167,2.47,2.232931727,20.83,1.0931174,8292069888
JCK,8/1/2024,0.34,0.35,0.33,0.34,4326852,0.28,0.389908257,,1.2142857,3802749952
JCKH,8/1/2024,0.02,0.03,0.02,0.03,772900,-0.03,0.545454545,,,7610140160
JCT,8/1/2024,81.5,82,81.5,82,1,8,0.802544654,5.31,10.25,13500000
JDF,8/1/2024,2.22,2.22,2.14,2.2,311690,0.08,1.851851852,1.85,27.250002,600000000
JKN,8/1/2024,,,,,,,,,,
JMART,8/1/2024,12.3,13.1,12.2,12,10465169,0.06,0.92272203,7.87,210.00002,1463970048
JMT,8/1/2024,11.6,12.5,11.5,11.4,22449417,1.36,0.617183693,8.6,8.823529,1459740032
JPARK,8/1/2024,6.55,6.6,6.4,6.5,2184707,0.16,4.201680672,0.57,40.3125,400000000
JR,8/1/2024,3.28,3.32,3.18,3.28,208903,0.05,1.499085923,1.2200001,64.799995,760000000
JSP,8/1/2024,2.08,2.08,2.04,2.08,381468,-0.03,1.13847838,,,474555008
JTS,8/1/2024,62.25,63,59.25,62.25,592464,0.2,65.73389652,,296.25,706457024
JUBILE,8/1/2024,12.2,12.3,12.1,12.3,7014,1,1.298016041,4.0700004,12.2,174272992
K,8/1/2024,1.1,1.16,1.07,1.07,536200,0.09,1.445945946,,12.333333,549358016
KAMART,8/1/2024,12.7,13,12.6,12.7,2210891,0.69,4.604786077,3.25,18.695652,1283330048
KASET,8/1/2024,0.97,1.01,0.97,0.99,2000,-0.26,1.205846529,,,278000000
KBANK,8/1/2024,134.5,134.5,132.5,131.5,9651371,18.73,0.589060057,5.08,7.100908,2369329920
KBS,8/1/2024,4.4,4.42,4.36,4.38,166821,1.68,0.537819253,12.560001,2.6190476,600000000
KC,8/1/2024,0.08,0.08,0.07,0.08,810712,-0.03,1.15942029,,,4548170240
KCAR,8/1/2024,4.78,4.78,4.72,4.74,27107,0.53,0.494729151,4.56,8.943397,250000000
KCC,8/1/2024,2.24,2.36,2.22,2.22,54100,0.12,1.158663883,2.47,18.666668,620000000
KCCAMC,8/1/2024,1.98,2.08,1.93,1.98,71239,,,2.23,,620000000
KCE,8/1/2024,45.25,45.75,44.75,44.5,7268255,1.6,3.664361001,2.95,28.125,1182089984
KCG,8/1/2024,9.55,9.7,9.35,9.5,2000485,0.59,1.87118377,3.06,16.016949,545000000
KCM,8/1/2024,0.28,0.29,0.28,0.28,520900,-0.01,0.448717949,,,680000000
KDH,8/1/2024,91,91,91,89.75,1300,6.34,2.344015252,2.22,14.353312,19384200
KEX,8/1/2024,2.6,3.16,2.58,2.5,7299800,-1.43,3.071253071,,,1742579968
KGEN,8/1/2024,1.19,1.32,1.18,1.17,31408757,-0.08,2.154696133,,,1250809984
KGI,8/1/2024,4.2,4.22,4.2,4.2,490052,0.48,1.057135666,7.38,8.75,1991760000
KIAT,8/1/2024,0.36,0.37,0.36,0.36,122007,0.03,0.947368421,5.41,12.333334,3090409984
KISS,8/1/2024,3.8,3.98,3.8,3.72,1263325,0.23,2.030567686,4.8600003,16.956522,600009984
KJL,8/1/2024,6.6,6.65,6.55,6.65,21408,0.66,2.369077307,6.98,10.075757,231998000
KK,8/1/2024,1.76,1.77,1.69,1.68,15125,,2.382978723,0.87,inf,241500000
KKC,8/1/2024,0.03,0.04,0.03,0.04,4462175,-0.93,-0.061068702,,,1500000000
KKP,8/1/2024,38.75,40.25,38.75,38.5,3224716,5.75,0.526358963,8.9700006,6.9130435,846760000
KLINIQ,8/1/2024,38,38,36.5,37.75,971327,1.34,4.670873546,4.8,27.425373,220000000
KOOL,8/1/2024,0.34,0.35,0.33,0.33,2028200,0.04,0.551839465,3.68,8.75,2387500032
KSL,8/1/2024,1.71,1.78,1.71,1.7,2203794,0.18,0.371584699,2.91,9.722221,4410229760
KTB,8/1/2024,18.1,18.1,17.8,18.1,20419864,2.69,0.61443411,4.8800003,6.6171,13976099840
KTC,8/1/2024,39,40,38.75,39,3433584,2.8,2.790298347,3.19,13.928572,2578330112
KTIS,8/1/2024,3.02,3.04,3,3.02,4300,0.11,1.667586969,3.3299997,27.636364,3860000000
KTMS,8/1/2024,2.24,2.3,2.22,2.32,20826,0.05,1.415497254,0.6,44.4,300000000
KUMWEL,8/1/2024,1.84,1.84,1.79,1.83,240574,0.08,1.387414708,2.69,22.375,430000000
KUN,8/1/2024,1.39,1.39,1.37,1.4,412600,0.06,1.347449471,4.61,23.166666,749110016
KWC,8/1/2024,269,269,269,269,1,16.6,1.962615459,3.9,16.204819,6000000
KWI,8/1/2024,0.37,0.43,0.36,0.36,783105,-0.28,0.530973451,,,2044329984
KWM,8/1/2024,1.29,1.3,1.27,1.27,74405,0.06,1.194731891,4.5700002,21.5,488545984
KYE,8/1/2024,301,303,300,340,29590,37.26,0.718600336,5.5,8.105207,19800000
L&E,8/1/2024,1.02,1.06,1.02,1.02,6100,,0.458221024,,,492040000
LALIN,8/1/2024,6.3,6.4,6.3,6.4,134249,0.76,0.634542931,7.87,8.355263,924998976
LANNA,8/1/2024,14.1,14.3,14.1,14,303295,3.6,0.827080995,17.14,3.9722223,525000000
LDC,8/1/2024,0.47,0.48,0.45,0.47,599300,0.02,1.100702576,2.34,23.5,600000000
LEE,8/1/2024,2.4,2.42,2.4,2.42,155316,0.09,0.805324459,3.72,26.88889,913200000
LEO,8/1/2024,4.12,4.2,4.12,4.1,124800,0.24,1.395032324,4.04,17.166666,315060000
LH,8/1/2024,5.7,5.75,5.65,5.75,49161507,0.62,1.301788544,10.71,9.193548,11949700096
LHFG,8/1/2024,0.82,0.83,0.81,0.81,2780333,0.09,0.475073314,3.53,9,21183700992
LHK,8/1/2024,3.82,3.84,3.8,3.82,38042,0.21,1.080622348,5.9499998,18.095238,383000000
LIT,8/1/2024,1.09,1.09,1.06,1.06,76901,-0.28,0.487132353,,,442931008
LOXLEY,8/1/2024,1.42,1.45,1.42,1.42,291100,0.19,0.519385516,4.9000002,7.4736843,2264950016
LPH,8/1/2024,4.54,4.56,4.52,4.54,42704,0.09,1.659963437,3.3,50.666664,720000000
LPN,8/1/2024,3.12,3.16,3.12,3.16,195647,0.2,0.384428224,3.18,15.8,1454200064
LRH,8/1/2024,39.75,39.75,38.75,39.25,1200,3.48,0.423290124,3.3299997,11.206897,166683008
LST,8/1/2024,4.82,4.82,4.78,4.82,282400,0.59,0.788870704,5.17,8.169492,820000000
LTS,8/1/2024,6.75,6.8,6.55,6.85,183561,0.18,6.829511466,,36.38889,
M,8/1/2024,26.25,27.5,26.25,26.25,870302,1.86,1.703439325,5.98,14.516129,915678016
M-CHAI,8/1/2024,38,39.25,37,37.75,34607,17.98,2.589340833,1.55,2.141268,160000000
MACO,8/1/2024,,,,,,,,,,
MAGURO,8/1/2024,14.3,14.3,13.6,14.1,1357655,0.58,5.377574371,,23.448277,126000000
MAJOR,8/1/2024,13.2,13.7,13.2,13.2,1559883,1.27,1.788617886,7.0300005,10.708662,816308992
MAKRO,8/1/2024,,,,,,,,,,
MALEE,8/1/2024,10.7,10.7,10.3,10.6,1672004,0.31,2.668009061,,34.19355,545731008
MANRIN,8/1/2024,32.75,32.75,32.75,32.75,1400,1.55,2.194598941,,21.129032,26905600
MASTER,8/1/2024,49.75,50.75,48.75,49.5,1226648,1.49,4.821741672,0.05,32.885906,301712000
MATCH,8/1/2024,1.38,1.38,1.32,1.38,3977,0.06,0.833333333,,23,781628992
MATI,8/1/2024,7.35,7.35,7.35,7.4,100,0.13,0.889102487,3.3800002,56.538464,185348992
MAX,8/1/2024,,,,,,,,,,
MBAX,8/1/2024,2.92,3,2.84,2.92,38550,-0.02,1.153238547,27.03,,198302000
MBK,8/1/2024,16.3,16.5,16.2,16.3,551668,1.33,1.007478831,4.94,12.255638,1388249984
MC,8/1/2024,10.4,10.5,10.1,10.3,1709228,0.74,2.259267383,8.270001,13.918919,792000000
MCA,8/1/2024,1.76,1.77,1.72,1.75,752703,0.12,1.321752266,2.54,14.333334,230000000
MCOT,8/1/2024,2.66,2.7,2.66,2.68,6302,0.84,0.251974426,,3.1904764,687099008
MCS,8/1/2024,6.7,6.8,6.65,6.7,143741,0.53,0.853720693,4.81,12.64151,477000000
MDX,8/1/2024,3.06,3.1,3.04,3.04,132300,0.39,0.312757202,,7.897436,475592992
MEB,8/1/2024,30.5,30.5,29.5,30,33803,1.35,6.991377301,2.18,21.851852,300000000
MEGA,8/1/2024,36.5,37,36.5,36.5,559225,2.32,3.200631357,4.32,15.840518,871870016
MENA,8/1/2024,1.05,1.05,0.99,1,1169184,0.09,0.805801773,3,11.111111,734000000
META,8/1/2024,0.13,0.13,0.11,0.12,10781500,-0.05,0.164835165,,,2790449920
METCO,8/1/2024,167,168,167,166.5,708,19.53,0.550053188,6.0599998,8.576549,20898000
MFC,8/1/2024,19.5,19.7,19.2,19.6,35001,1.44,2.003680229,6.6700004,13.611111,125616000
MFEC,8/1/2024,5.45,5.45,5.35,5.45,55302,0.19,0.924512299,7.4099995,28.157894,441454016
MGC,8/1/2024,3.92,3.98,3.88,4,156200,0.49,1.209921355,,8,1120000000
MGI,8/1/2024,13.5,13.6,12.4,13.4,2447484,,,,20,
MGT,8/1/2024,2.04,2.04,2,2,23400,0.21,1.278772379,7,9.619048,400000000
MICRO,8/1/2024,1.22,1.25,1.19,1.21,271711,-0.07,0.604093859,1.71,,935000000
MIDA,8/1/2024,0.37,0.38,0.37,0.38,39100,0.09,0.261888353,,4.222222,2504100096
MILL,8/1/2024,0.1,0.11,0.1,0.1,38346,-0.28,0.107066381,,,6109960192
MINT,8/1/2024,29.25,29.75,29,29,16779419,1.05,3.324163228,1.88,27.61905,5669980160
MITSIB,8/1/2024,0.78,0.78,0.77,0.78,133500,0.04,0.784708249,0.37,19.25,1372640000
MJD,8/1/2024,1.08,1.09,1.03,1.09,194600,-0.37,0.204925738,,,860412032
MK,8/1/2024,1.62,1.62,1.6,1.58,200,-1.09,0.337606838,5.5,,1091209984
ML,8/1/2024,0.51,0.52,0.51,0.51,90305,-0.04,0.256926952,,,1064800000
MODERN,8/1/2024,2.48,2.48,2.46,2.48,265101,-0.01,0.835579515,3.69,,731974016
MONO,8/1/2024,1.41,1.5,1.27,1.41,86058761,-0.11,4.378881988,,,3471049984
MOONG,8/1/2024,2.02,2.02,1.99,2,16400,0.12,0.62774639,6.0300004,16.666668,337444992
MORE,8/1/2024,0.05,0.06,0.05,0.06,453743,-0.02,0.3,,,7176750080
MOSHI,8/1/2024,48.5,48.75,46.5,48.75,1142404,1.31,7.578112856,1.35,35.687023,330000000
MPIC,8/1/2024,,,,,,,,,,
MSC,8/1/2024,8.7,8.75,8.7,8.7,8902,0.68,1.35261194,5.75,12.867647,360000000
MST,8/1/2024,8.95,8.95,8.9,8.95,11203,0.65,1.052198448,2.49,13.692307,570814976
MTC,8/1/2024,40.5,41.75,40.5,40.25,5479007,2.47,2.563204483,0.53,16.59919,2120000000
MTI,8/1/2024,105.5,105.5,104,105,10201,9.79,1.012633812,4.8499998,10.623085,59000000
MTW,8/1/2024,1.1,1.12,0.98,1.1,4045495,0.07,1.288056206,,14,674000000
MUD,8/1/2024,1.39,1.4,1.34,1.39,11000,-6.2,0.689484127,,,1053390016
MVP,8/1/2024,0.7,0.74,0.68,0.7,697600,-0.89,1.198630137,,,337259008
NAM,8/1/2024,4.86,4.88,4.84,4.88,64265,0.33,1.728657457,1.84,14.787879,700000000
NAT,8/1/2024,4.28,4.32,4.26,4.28,103100,0.45,2.052757794,2.31,9.511112,328000000
NATION,8/1/2024,0.03,0.03,0.03,0.03,145900,-0.03,0.483870968,,,12203899904
NC,8/1/2024,2.06,2.14,2.06,2.06,4300,0.7,0.639354438,0.93,3.057143,149510000
NCAP,8/1/2024,1.42,1.5,1.42,1.42,1912842,0.1,0.426554521,,14.6,1350000000
NCH,8/1/2024,0.76,0.76,0.73,0.75,143269,0.07,0.295974743,6.6700004,10.428572,1245280000
NCL,8/1/2024,0.4,0.41,0.39,0.4,2485001,-0.64,0.710479574,,,528233984
NCP,8/1/2024,2.08,2.12,1.62,2.02,73761255,,,,23.428572,
NDR,8/1/2024,2.18,2.18,2.12,2.1,194900,-0.15,0.947225981,2.38,,346892000
NEO,8/1/2024,51.25,51.5,49.75,51,1007712,2.76,8.627981729,,18.025362,300000000
NEP,8/1/2024,0.2,0.2,0.19,0.2,33900,-0.01,0.819672131,,,2325380096
NER,8/1/2024,4.88,4.88,4.8,4.84,3203458,0.91,1.128994635,7.2,5.2747254,1847789952
NETBAY,8/1/2024,13.3,13.6,13.3,13.4,305020,0.91,4.728299224,6.37,14.725274,200000000
NEW,8/1/2024,71,75,71,72,1800,5.36,1.463355148,3.19,13.992537,10000000
NEWS,8/1/2024,0.01,0.02,0.01,0.01,355476800,,1.428571429,,,1.83645E+11
NEX,8/1/2024,0.74,0.76,0.64,0.77,110107653,0.31,0.385192596,,2.2580645,1995549952
NFC,8/1/2024,1.8,1.8,1.32,1.81,195855,0.16,1.384850803,6.34,9.125,1087830016
NINE,8/1/2024,,,,,,,,,,
NKI,8/1/2024,25,25.25,25,25,46,3.36,0.451809951,6,7.4404764,38000000
NL,8/1/2024,1.57,1.61,1.57,1.57,196491,0.14,0.89052751,7.6,11.428572,500000000
NNCL,8/1/2024,1.86,1.86,1.83,1.86,27650,0.24,1.010869565,6.56,7.75,2048249984
NOBLE,8/1/2024,3.28,3.3,3.28,3.3,314697,0.67,0.720052367,18.6,4.925373,1369410048
NOK,8/1/2024,,,,,,,,,,
NOVA,8/1/2024,12.5,12.5,12.5,12.4,3501,-0.71,1.089152394,17.76,,169948992
NPK,8/1/2024,14,16,13.8,13,3800,-1.03,0.304792272,,,10000000
NRF,8/1/2024,1.76,1.78,1.54,1.78,64725269,-0.02,0.859073359,0.58999998,,1417660032
NSI,8/1/2024,,,,,,,,,,
NSL,8/1/2024,29.5,30,29.5,29.5,618356,1.28,5.245376956,2.48,23.242188,300000000
NTSC,8/1/2024,13.1,13.5,13,13.2,10316,1.18,1.357884991,2,11.186441,100000000
NTV,8/1/2024,33,33.25,33,33.25,20921,2.44,2.13963964,4.3899998,13.52459,160000000
NUSA,8/1/2024,0.32,0.35,0.32,0.31,22840650,-0.06,0.423497268,,,13066200064
NV,8/1/2024,0.97,0.98,0.96,0.97,13490,-0.16,0.455827068,,,575984000
NVD,8/1/2024,1.78,1.81,1.78,1.81,700,0.12,0.555214724,1.4400001,15.083333,1553180032
NWR,8/1/2024,0.26,0.27,0.26,0.27,1115700,-0.37,0.439739414,,,2585479936
NYT,8/1/2024,2.98,3.02,2.96,2.98,1886223,0.45,1.003029283,12,6.577778,1240000000
OCC,8/1/2024,9.7,9.8,9.5,9.8,3300,0.07,0.568313616,0.70999996,140,60000000
OGC,8/1/2024,22.7,22.7,22,22.5,500,-1.94,0.248778223,2.48,,21330700
OHTL,8/1/2024,358,369,358,359,301,20.71,2.430388659,,17.81748,15097800
OISHI,8/1/2024,,,,,,,,,,
ONEE,8/1/2024,3.46,3.48,3.36,3.44,6878296,0.2,1.142477582,5.77,16.8,2381250048
OR,8/1/2024,15.8,15.8,15.6,15.8,7052851,0.98,1.665085889,3.3099998,16.122448,12000000000
ORI,8/1/2024,4.48,4.54,4.44,4.46,4633658,0.97,0.560794669,10.5,4.639175,2454119936
ORN,8/1/2024,0.74,0.76,0.73,0.73,1259800,0.06,0.45625,6.85,12.333334,1500000000
OSP,8/1/2024,24.1,24.1,23.4,24.1,11145470,0.82,4.1927627,3.6199998,29.02439,3003749888
OTO,8/1/2024,,,,,,,,,,
PACE,8/1/2024,0.01,0.01,0.01,0.01,38457220,,,,,
PACO,8/1/2024,1.37,1.4,1.37,1.38,366709,0.11,1.310541311,2.94,12.636364,1000000000
PAF,8/1/2024,1.13,1.16,1.13,1.12,92200,0.01,0.975609756,0.89,115,540000000
PANEL,8/1/2024,1.31,1.31,1.29,1.32,358225,0.17,0.932862191,3.05,7.588235,190000000
PAP,8/1/2024,1.96,1.96,1.9,1.95,195713,-0.32,0.643139842,,,660000000
PATO,8/1/2024,9.6,9.6,9.55,9.55,6,0.55,2.672823957,5.3200003,17.363636,142372000
PB,8/1/2024,62,62,61.75,62,710,3.8,2.29468152,3.23,16.25,450000000
PCC,8/1/2024,2.8,2.8,2.8,2.8,108502,0.27,1.062618596,12.060001,10.444444,1226620032
PCSGH,8/1/2024,5,5,4.9,4.92,10202,0.49,1.447910536,8.0299996,10.122449,1524999936
PDG,8/1/2024,2.42,2.42,2.42,2.4,24000,0.15,1.166747691,3.72,16.133333,297000000
PDJ,8/1/2024,2.12,2.14,2.1,2.12,76406,0.08,0.539302976,4.7199998,26.5,592929024
PEACE,8/1/2024,2.9,2.9,2.8,2.94,7419,0.23,0.655664585,5.3600002,12.608696,503998016
PEER,8/1/2024,0.28,0.29,0.28,0.28,2870334,-0.65,0.23911187,,,1054899968
PERM,8/1/2024,0.85,0.86,0.83,0.85,33300,-0.48,0.969213227,,,766659008
PF,8/1/2024,0.16,0.17,0.16,0.16,7884700,-0.02,0.128,7.22,,10011100160
PG,8/1/2024,9.1,9.1,8.95,9.1,200,0.13,0.582847627,2.22,68.84615,96000000
PHG,8/1/2024,16.8,16.9,16.3,16.8,560202,0.94,2.483737433,3.11,17.446808,300000000
PHOL,8/1/2024,3,3,2.96,2.98,16010,0.31,1.548051948,8,9.612904,202500000
PICO,8/1/2024,4.08,4.08,4.08,4.08,1,0.15,2.229508197,,27.199999,215295008
PIMO,8/1/2024,1.85,2.02,1.85,1.87,10220282,0.13,1.329068941,3.19,15.23077,757635008
PIN,8/1/2024,4.8,4.8,4.62,4.76,2583371,1.42,1.339712919,12.5,3.2535212,1160000000
PJW,8/1/2024,2.66,2.7,2.58,2.7,175500,0.24,1.203208556,4.5100003,11.000001,620700032
PK,8/1/2024,0.66,0.67,0.65,0.66,280200,-0.41,0.268510985,,,520756000
PL,8/1/2024,1.63,1.64,1.63,1.62,9119,0.17,0.303030303,6.6700004,9.6470585,596510016
PLANB,8/1/2024,7.4,7.55,7.3,7.4,9757814,0.22,3.53559484,2.0399999,33.409092,4289570048
PLANET,8/1/2024,0.52,0.56,0.52,0.53,453915,-0.36,0.53,,,529671008
PLAT,8/1/2024,2.12,2.2,2.12,2.12,30002,0.08,0.770909091,,26.750002,2800000000
PLE,8/1/2024,0.41,0.42,0.41,0.41,131917,-0.15,0.246246246,,,1361820032
PLT,8/1/2024,0.77,0.79,0.77,0.78,445307,0.06,0.894495413,15.19,12.833333,960000000
PLUS,8/1/2024,5.8,5.85,5.55,5.75,1788527,0.29,2.846534653,2.12,19.137932,670000000
PM,8/1/2024,7.75,7.95,7.75,7.8,250711,0.76,2.627147188,6.6199996,10.263158,558120000
PMTA,8/1/2024,8.3,8.3,8.2,8.2,2101,1,0.477827632,4.9099997,8.2,101200000
POLAR,8/1/2024,,,,,,,,,,
POLY,8/1/2024,9,9.35,8.9,9.1,50501,0.43,3.364140481,5,21.627907,450000000
POMPUI,8/1/2024,,,,,,,,,,
PORT,8/1/2024,1.66,1.66,1.6,1.62,11800,0.01,0.736363636,,166,607203008
POST,8/1/2024,0.08,0.13,0.08,0.1,4959801,-0.07,-0.135501355,,,500000000
PPM,8/1/2024,2.06,2.12,2.06,2.1,66505,0.5,0.777777778,2.8399998,4.2,422000000
PPP,8/1/2024,1.65,1.68,1.62,1.78,20412,-0.34,0.71745264,,,300000000
PPPM,8/1/2024,0.22,0.22,0.2,0.22,3248802,2.83,0.256709452,,0.07067138,720147968
PPS,8/1/2024,0.32,0.34,0.32,0.33,481417,-0.03,0.916666667,2.38,,859854976
PQS,8/1/2024,2.76,2.8,2.72,2.78,117903,0.47,0.863622243,2.98,5.87234,670000000
PR9,8/1/2024,17.9,18,17.3,17.9,5150093,0.77,2.686880817,1.66,22.597403,786300032
PRAKIT,8/1/2024,9.95,10,9.95,10,1,-2,0.645661157,10,,60450300
PRAPAT,8/1/2024,1.88,1.89,1.85,1.85,1914300,0.15,1.348396501,2.0499999,12.333333,388959008
PREB,8/1/2024,4.82,4.82,4.76,4.8,22285,0.46,0.577756379,8.37,10.434783,308676000
PRECHA,8/1/2024,1.14,1.14,1.13,1.13,34009,-0.04,1.074144487,,,336000000
PRG,8/1/2024,9,9,8.8,9.15,2705,0.57,0.717421985,6.6700004,15.526317,693430016
PRI,8/1/2024,7.75,7.8,7.5,7.7,1090906,1.11,1.36694479,26.96,6.8468466,320000000
PRIME,8/1/2024,0.24,0.24,0.23,0.23,7322009,-0.21,0.433145009,,,4254490112
PRIN,8/1/2024,2.4,2.4,2.38,2.4,1201,0.19,0.552740673,3.37,12.631579,1220009984
PRINC,8/1/2024,2.84,2.88,2.8,2.82,1094543,-0.15,1.227154047,,,3808570112
PRM,8/1/2024,8.55,8.55,8.4,8.55,3093222,0.85,1.748466258,4.2600002,10,2327109888
PRO,8/1/2024,,,,,,,,,,
PROEN,8/1/2024,1.25,1.41,1.23,1.25,52811034,0.03,0.780762024,6.56,47,457995008
PROS,8/1/2024,1.18,1.19,1.14,1.19,106100,-0.34,3.224932249,,,551547008
PROUD,8/1/2024,1.49,1.5,1.47,1.49,100800,-0.02,0.915233415,,,974014016
PRTR,8/1/2024,4.28,4.36,4.28,4.32,64900,0.35,1.645087586,3.5,12.457144,600000000
PSG,8/1/2024,0.54,0.54,0.53,0.54,9711104,0.03,9.152542373,,17.666666,64992399360
PSH,8/1/2024,9,9.15,8.95,8.9,296302,0.74,0.440877793,10.43,12.2972975,2188999936
PSL,8/1/2024,8.3,8.8,8.3,8.25,11725157,0.67,0.729120636,4.97,12.985074,1559289984
PSP,8/1/2024,4.94,4.94,4.86,4.88,172301,0.28,1.969330105,3.1400003,17.428572,1400000000
PSTC,8/1/2024,0.5,0.5,0.49,0.49,1245600,-0.02,0.222828558,,,3464679936
PT,8/1/2024,8.65,8.75,8.65,8.65,151450,0.91,3.138606676,7.83,9.505494,283888992
PTC,8/1/2024,1.47,1.5,1.41,1.43,155900,0.17,0.652074783,5.4,8.705882,410000000
PTECH,8/1/2024,5.8,5.8,5.8,5.8,1,-0.31,1.456554495,,,244871008
PTG,8/1/2024,7.95,8.05,7.9,7.9,3158962,0.56,1.45461241,4.46,14.107143,1670000000
PTL,8/1/2024,11.9,12.1,11.9,12.1,131305,0.33,0.540685464,2.02,36.060604,900000000
PTT,8/1/2024,32,32.25,31.75,32,24678386,3.95,0.776359843,7.56,8.037974,28562999296
PTTEP,8/1/2024,149,151,148.5,147,10148938,19.92,38.42132776,6.6300005,7.5803213,3969989888
PTTGC,8/1/2024,27,27.5,27,27.25,9185330,0.07,0.417880693,2.75,392.85715,4508850176
PYLON,8/1/2024,2,2.04,1.99,1.99,56905,0.06,1.424481031,7,33.333336,749873024
Q-CON,8/1/2024,10.4,10.9,10.2,10.3,739771,2.02,1.684658162,10.15,5.1485147,400000000
QH,8/1/2024,1.79,1.79,1.78,1.79,5898777,0.22,0.663700408,8.38,8.090909,10714399744
QHHRREIT,8/1/2024,6.7,6.8,6.65,6.85,115100,,,,34,
QLT,8/1/2024,2.4,2.46,2.4,2.48,24000,-1.41,0.829986613,,,98568496
QTC,8/1/2024,4.1,4.1,4.08,4.1,18001,0.3,0.880962613,4.8499998,13.599999,341092992
QTCG,8/1/2024,0.61,0.61,0.56,0.61,18297063,0.04,0.857946554,,14.25,600000000
RABBIT,8/1/2024,0.56,0.57,0.54,0.56,41892918,-0.63,-1.573033708,,,7448849920
RAM,8/1/2024,28.5,29,28.5,29,60884,1.36,1.859808889,2.71,20.955883,1200000000
RATCH,8/1/2024,28,28.5,27.75,27.75,2180876,2.42,0.577884215,5.82,11.570248,2175000064
RBF,8/1/2024,7.55,7.65,7.45,7.6,3007877,0.34,3.033932136,2.41,22.205883,2000000000
RCL,8/1/2024,23.2,24.9,23.2,22.7,11140859,5.66,0.399493154,17.36,4.3992934,828750016
READY,8/1/2024,7.05,7.05,6.8,6.9,15200,0.3,3.701716738,2.92,23.333332,120000000
RICHY,8/1/2024,0.55,0.55,0.5,0.56,346540,-0.05,0.317100793,0.64999997,,1628320000
RJH,8/1/2024,23.5,23.6,23.5,23.6,64474,1.43,3.35084481,7.14,16.433567,299369984
RML,8/1/2024,0.31,0.31,0.29,0.3,8218756,-0.23,0.393184797,,,5794480128
ROCK,8/1/2024,10.2,10.2,10.2,10.1,102,1.12,0.518108136,4.7199998,9.107142,20000000
ROCTEC,8/1/2024,0.94,0.96,0.92,0.93,60597431,0.03,1.830708661,1.4400001,32,8117980160
ROH,8/1/2024,2.56,2.56,2.56,2.56,1010,-0.02,0.894792031,,,938916992
ROJNA,8/1/2024,5.7,5.85,5.7,5.65,4190261,0.5,0.662678865,6.84,11.5,2020460032
RP,8/1/2024,1.16,1.16,1.1,1.16,44800,-0.47,0.437735849,,,200812000
RPC,8/1/2024,0.58,0.59,0.56,0.57,1377726,0.02,0.298585647,6.6700004,28.5,1304659968
RPH,8/1/2024,5.75,5.8,5.75,5.8,399215,0.34,1.756511205,6.55,17.058825,546000000
RS,8/1/2024,12.4,12.5,12.2,12.5,603940,1.09,4.78377344,4.8899997,11.284404,1069750016
RSP,8/1/2024,1.99,2,1.96,1.97,25901,0.12,0.843683084,6.53,16.416668,743000000
RT,8/1/2024,0.51,0.52,0.51,0.51,577800,0.11,0.516717325,,4.7272725,1377360000
RWI,8/1/2024,0.43,0.44,0.41,0.42,173100,-0.18,0.398104265,,,915276992
S&J,8/1/2024,49.75,49.75,49.5,48.75,500,,1.465548341,,,
S,8/1/2024,0.74,0.76,0.74,0.75,1513517,0.04,0.297619048,2,18.5,6853720064
S11,8/1/2024,1.94,1.96,1.82,1.94,233284,-0.02,0.367354668,7.09,,613000000
SA,8/1/2024,7.65,7.75,7.55,7.65,237232,0.17,1.704165738,0.64,45.588234,1198909952
SAAM,8/1/2024,7.9,7.9,7.45,7.9,403032,0.2,5.675287356,1.13,39,300006016
SABINA,8/1/2024,22.1,22.2,21.5,21.9,1182554,1.34,3.825995807,6.0599998,16.119402,347500000
SABUY,8/1/2024,0.64,0.65,0.58,0.64,51820594,-1.34,0.214333557,7.46,,1671769984
SAF,8/1/2024,0.48,0.49,0.47,0.46,102745,,0.49622438,1.96,inf,300000000
SAFE,8/1/2024,16.3,16.3,15.7,16.3,646245,0.76,2.879858657,3.8,20.921053,303948000
SAK,8/1/2024,5.25,5.35,5.15,5.2,1129168,0.37,1.81184669,3.04,14.459459,2096000000
SALEE,8/1/2024,0.48,0.49,0.46,0.48,6900,0.01,0.600750939,7.14,48,1520480000
SAM,8/1/2024,,,,,,,,,,
SAMART,8/1/2024,6.25,6.3,6.15,6.25,1434002,-0.31,1.258811682,,,1006499968
SAMCO,8/1/2024,0.95,0.98,0.95,0.96,40515,0.07,0.254035459,3.13,13.857143,641800000
SAMTEL,8/1/2024,4.4,4.48,4.26,4.36,281717,0.11,0.756287944,1.52,39.636364,618000000
SANKO,8/1/2024,1.22,1.23,1.2,1.2,431600,0.19,1.363636364,3.28,6.3157897,316662016
SAPPE,8/1/2024,92,92.5,91.75,91.5,324326,3.73,6.767751479,2.35,24.597855,308288992
SAT,8/1/2024,11.7,11.9,11.7,11.6,334394,2.09,0.582095544,14.039999,5.69378,425193984
SAUCE,8/1/2024,41.5,42,41.5,41.75,3803,2.13,4.665325735,4.0999997,19.71831,360000000
SAV,8/1/2024,20.2,21.7,20.2,20.3,3324792,0.52,8.923076923,6.6700004,39.807693,640000000
SAWAD,8/1/2024,32.75,33.75,32.75,32.5,7367211,3.35,1.665897791,0.029999999,9.925373,1510460032
SAWANG,8/1/2024,13.5,13.6,13.5,13.6,1,-0.43,1.065496709,,,24000000
SBNEXT,8/1/2024,0.32,0.33,0.3,0.32,1350627,-0.32,0.188124633,1.91,,604358976
SC,8/1/2024,2.6,2.6,2.52,2.6,7311558,0.5,0.472297911,9.16,5.04,4276800000
SCAP,8/1/2024,1.37,1.37,1.32,1.37,614941,0.09,0.920698925,0.18000001,14.666667,6636360192
SCB,8/1/2024,103.5,103.5,102.5,103,2979469,13.01,0.73357121,10.04,7.878555,3367109888
SCC,8/1/2024,222,223,220,221,554235,9.86,0.698489556,2.6500002,22.312374,1200000000
SCCC,8/1/2024,138,139,135.5,135.5,665070,11.08,1.179122141,5.1999997,12.274368,298000000
SCG,8/1/2024,3.3,3.38,3.3,3.44,2400,0.06,1.106465101,1.47,56,1163699968
SCGD,8/1/2024,7.25,7.3,7.2,7.2,547600,0.47,0.582100412,3.3800002,15.425532,1650000000
SCGP,8/1/2024,28,29.25,28,28.25,5802585,1.34,1.533409325,1.91,21.64179,4292920064
SCI,8/1/2024,0.72,0.72,0.7,0.72,84900,-0.74,0.82853855,,,750000000
SCL,8/1/2024,1.49,1.51,1.48,1.48,1123878,0.12,1.120363361,2.6099999,12.5,250000000
SCM,8/1/2024,3.84,3.86,3.78,3.9,241900,0.12,3.724928367,2.55,31.5,596150976
SCN,8/1/2024,0.85,0.86,0.84,0.85,202900,0.09,0.321847785,1.4099999,9.444445,1213449984
SCP,8/1/2024,6.85,6.9,6.75,6.8,16400,0.75,0.860432747,5.19,9.066667,282300000
SDC,8/1/2024,0.02,0.03,0.02,0.03,20101710,-0.05,4.285714286,,,32156700672
SE,8/1/2024,0.64,0.67,0.64,0.65,117289,0.08,0.998463902,3.9,8.375,679449984
SE-ED,8/1/2024,2.04,2.04,2.04,2.08,1200,0.08,0.668165757,,25.5,391944000
SEAFCO,8/1/2024,2.06,2.06,2.02,2.06,132309,0.18,1.025896414,17.65,11.222221,813678016
SEAOIL,8/1/2024,2.5,2.5,2.48,2.48,65405,0.41,0.730486009,8.13,6.0487804,738982016
SECURE,8/1/2024,14.8,15,14,14.8,345810,1.03,2.127965492,3.04,13.786408,102741000
SELIC,8/1/2024,2.98,3.04,2.96,2.98,65318,0.21,1.692220329,1.14,14.190476,610974016
SENA,8/1/2024,2.26,2.26,2.24,2.26,397523,0.3,0.393591083,10.46,7.533333,1442269952
SENAJ,8/1/2024,,,,,,,,,,
SENX,8/1/2024,0.35,0.37,0.35,0.36,143500,0.02,0.402684564,2.24,18.5,4187310080
SFLEX,8/1/2024,3.48,3.5,3.32,3.48,7769522,0.26,2.602842184,3.75,13.000001,776486976
SFP,8/1/2024,,,,,,,,,,
SFT,8/1/2024,3.38,3.4,3.36,3.4,12300,0.07,1.961915753,1.3200001,48.57143,440000000
SGC,8/1/2024,1.4,1.47,1.39,1.38,30255374,-0.58,1.4375,8.53,,3270000128
SGF,8/1/2024,0.27,0.27,0.26,0.27,455400,-0.05,0.205167173,,,1310000000
SGP,8/1/2024,6.7,6.7,6.65,6.7,427104,0.75,0.722294092,4.44,8.933333,1837859968
SHANG,8/1/2024,48.5,48.5,48.5,48.75,500,1.89,0.833062766,2.0499999,25.661375,130000000
SHR,8/1/2024,2.02,2.04,1.99,2,2094200,0.02,0.420521447,0.76,99.5,3593639936
SIAM,8/1/2024,1.15,1.18,1.15,1.18,43500,-0.02,0.273591468,0.85,,593126016
SICT,8/1/2024,5,5.05,4.94,4.98,91753,0.26,3.403964457,0.70999996,19,480000000
SIMAT,8/1/2024,1.28,1.3,1.26,1.3,400400,0.05,0.836550837,,25.999998,648564992
SINGER,8/1/2024,8.15,8.6,8.1,8.05,7144053,-2.89,0.469524643,5.1,,815102016
SINO,8/1/2024,1.25,1.32,1.25,1.25,1382100,0.03,1.498800959,4.58,43.666664,1040000000
SIRI,8/1/2024,1.68,1.69,1.63,1.68,102063188,0.33,0.648148148,11.76,4.9999995,17232300032
SIS,8/1/2024,23.7,24,23.5,23.7,486548,1.97,2.102368491,4.4499997,12.0304575,350199008
SISB,8/1/2024,32.75,33,31.25,32.5,1886996,0.76,10.18808777,0.95,41.44737,940000000
SITHAI,8/1/2024,1.36,1.37,1.35,1.35,892149,0.15,0.813253012,7.46,9.066667,2697850112
SJWD,8/1/2024,12.6,12.6,12.2,12.7,1554070,0.46,0.508182946,2.07,26.73913,1811020032
SK,8/1/2024,0.71,0.71,0.69,0.69,496501,0.1,0.791284404,7.46,7,460000000
SKE,8/1/2024,0.37,0.39,0.37,0.37,506645,-0.1,0.472541507,,,1116000000
SKN,8/1/2024,5.9,5.95,5.8,5.85,102101,0.67,1.194365047,3.47,8.80597,800000000
SKR,8/1/2024,9.75,9.8,9.75,9.8,102201,0.45,2.65654649,1.84,21.777779,2057830016
SKY,8/1/2024,15.8,16.3,15.7,15.6,717900,0.85,2.281368821,,18.470587,715480000
SLM,8/1/2024,,,,,,,,,,
SLP,8/1/2024,0.42,0.42,0.4,0.42,152100,0.01,0.623145401,,40,1200000000
SM,8/1/2024,1.27,1.29,1.27,1.29,495900,0.06,1.236816874,2.34,21.166666,1100000000
SMART,8/1/2024,0.7,0.71,0.69,0.69,2048008,,,,16.428572,
SMD,8/1/2024,4.04,4.16,4.04,4.14,114611,0.26,1.020206999,18.959999,15.769231,207703008
SMIT,8/1/2024,4.2,4.24,4.18,4.2,52850,0.24,0.865979381,5.74,17.666666,530000000
SMK,8/1/2024,,,,,,,,,,
SMPC,8/1/2024,9.3,9.3,9.1,9.2,32572,0.89,1.755055322,4.5900002,10.337079,535505984
SMT,8/1/2024,2.08,2.16,2.04,2.08,1079180,0.22,0.831002797,3.37,9.272727,829057024
SNC,8/1/2024,5.3,5.4,5.15,5.3,90437,-0.39,0.396439524,9.71,,362220000
SNNP,8/1/2024,12.4,12.6,12.2,12.5,1954635,0.66,3.518153673,4.03,18.484848,960000000
SNP,8/1/2024,14.2,14.2,14.2,14.2,3401,0.92,2.59502924,7.04,15.434782,514710016
SO,8/1/2024,4.96,5,4.96,5,12875,0.38,2.100840336,7.92,13.157895,446392000
SOLAR,8/1/2024,0.57,0.57,0.55,0.56,623551,,0.877742947,,inf,1307120000
SONIC,8/1/2024,1.51,1.54,1.5,1.49,844835,0.15,0.861271676,3.45,10.133333,838150976
SORKON,8/1/2024,4.3,4.4,4.3,4.4,49200,0.22,1.081612586,4.5900002,19.909092,323400000
SPA,8/1/2024,6.8,6.9,6.5,6.8,6027205,0.28,8.947368421,0.2,23.75,1282499968
SPACK,8/1/2024,1.7,1.7,1.69,1.7,12300,0.08,0.796252927,,21.125002,300000000
SPALI,8/1/2024,16.9,16.9,16.7,16.9,4373398,2.83,0.641244546,8.67,5.9717317,1953049984
SPC,8/1/2024,59.5,59.5,59.25,59.25,5401,6.9,0.724912521,3.3800002,8.623188,328316000
SPCG,8/1/2024,8.15,8.5,8.15,8.1,773893,1.49,0.440145628,11.73,5.6040273,1055790016
SPG,8/1/2024,13.6,14.9,13.6,14.9,2,1.02,0.897590361,5.37,14.607843,345000000
SPI,8/1/2024,64.5,64.5,63,64.25,1500,4.56,0.780016996,1.27,14.089912,571932992
SPRC,8/1/2024,7.75,7.8,7.7,7.7,10635473,0.35,0.74670287,12.61,22.142857,4335900160
SPREME,8/1/2024,1.6,1.65,1.55,1.58,4519900,0.21,2.415902141,,7.476191,740000000
SPVI,8/1/2024,2.94,3,2.8,2.92,1339601,0.19,1.972972973,5.25,14.842105,400000000
SQ,8/1/2024,0.91,0.92,0.89,0.91,443854,0.1,0.355191257,5.3200003,9.1,1149159936
SR,8/1/2024,0.5,0.5,0.49,0.48,600,-0.16,0.499479709,,,676700032
SRICHA,8/1/2024,7.65,7.65,7.5,7.6,120600,1.48,1.136873598,3.25,5.135135,309879008
SRS,8/1/2024,5.35,5.45,5.35,5.4,35400,0.37,1.247689464,2.8299998,14.594595,160000000
SSC,8/1/2024,62.25,62.25,62,62.25,9100,1.26,1.725045724,0.84,49.20635,265900000
SSF,8/1/2024,7.35,7.35,7.35,7.35,300,0.51,1.041814316,5.1799998,14.411765,269999008
SSP,8/1/2024,6.3,6.35,6.25,6.25,356590,0.57,1.058066701,1.61,10.964912,1283830016
SSS,8/1/2024,,,,,,,,,,
SSSC,8/1/2024,2.44,2.46,2.42,2.44,20421,0.33,0.479748329,9.1000006,7.3333335,639998016
SST,8/1/2024,5.15,5.15,5.05,5.1,500,-0.15,1.373922414,0.19,,526456992
STA,8/1/2024,20.2,20.2,19.5,19.8,8901420,-0.68,0.601805416,5.05,,1536000000
STANLY,8/1/2024,207,208,205,207,53435,22.83,0.719902344,4.9000002,9.067018,76625000
STARK,8/1/2024,,,,,,,,,,
STC,8/1/2024,0.56,0.58,0.55,0.56,58300,0.01,0.873634945,3.73,56,568000000
STEC,8/1/2024,9.55,9.55,9.25,9.5,2665146,0.25,0.830129325,1.64,37.6,1525110016
STECH,8/1/2024,1.31,1.31,1.28,1.31,252700,0.2,0.666327569,1.68,6.4999995,725000000
STGT,8/1/2024,9.1,9.35,9,9,6825822,0.05,0.670341129,5.21,182,2865179904
STHAI,8/1/2024,,,,,,,,,,
STI,8/1/2024,3.24,3.26,3.22,3.26,28000,0.22,2.362318841,3.05,14.818182,602996992
STOWER,8/1/2024,0.07,0.07,0.06,0.06,385079,-0.05,0.251046025,,,3697380096
STP,8/1/2024,13.5,13.7,13.3,13.5,20300,1.11,1.856180393,2.69,12.162162,100000000
STPI,8/1/2024,2.98,3.16,2.98,3.02,577915,0.19,0.595543285,,16.315788,1601309952
STX,8/1/2024,1.63,1.63,1.55,1.6,2045038,0.12,0.591715976,3.1400003,13,307135008
SUC,8/1/2024,30.25,30.25,30,30,2101,4.06,0.372513473,4.96,7.3891625,300000000
SUN,8/1/2024,3.92,3.96,3.92,3.92,130879,0.41,2.130434783,9.0100005,9.560976,773996992
SUPER,8/1/2024,0.26,0.27,0.26,0.27,12161967,-0.01,0.372413793,,,27349499904
SUSCO,8/1/2024,3.44,3.48,3.44,3.44,1180586,1.18,0.739466896,8.28,2.9152544,1000000000
SUTHA,8/1/2024,3.06,3.06,2.96,3.02,116100,0.18,1.039586919,2.5799999,16.777777,362392992
SVI,8/1/2024,8.05,8.3,8,8,1450456,0.51,2.423508028,1.74,16.078432,2153210112
SVOA,8/1/2024,1.81,1.82,1.8,1.81,146009,0.12,0.668143226,2.39,15.083333,813473024
SVR,8/1/2024,1.32,1.36,1.3,1.31,75300,0.13,0.900343643,30.08,10.076923,510000000
SVT,8/1/2024,1.49,1.5,1.45,1.48,308840,0.07,0.82359488,2.3,20.714287,700000000
SWC,8/1/2024,3.32,3.32,3.3,3.3,3198,0.14,2.471910112,0.17,23.571428,498732000
SYMC,8/1/2024,8.3,8.3,8.1,8.25,486370,0.65,1.203501094,1.52,12.538462,433655008
SYNEX,8/1/2024,13.6,13.9,13.4,13.4,1930923,0.63,2.670386608,2.77,21.587303,847361024
SYNTEC,8/1/2024,1.5,1.52,1.5,1.53,55933,0.15,0.455764075,3.95,10.133333,1590960000
TACC,8/1/2024,4.68,4.78,4.68,4.7,831437,0.37,3.651903652,8.229999,12.81081,600000000
TAE,8/1/2024,0.71,0.76,0.71,0.69,296300,-0.03,0.418435415,,,1000000000
TAKUNI,8/1/2024,0.69,0.73,0.69,0.7,24285412,0.01,0.541795666,2.6800001,73,800000000
TAN,8/1/2024,12.3,13,12.1,12.3,324823,0.59,2.290076336,5.83,21.186441,300000000
TAPAC,8/1/2024,,,,,,,,,,
TASCO,8/1/2024,15.8,15.9,15.7,15.8,1649476,0.75,1.492678318,14.24,21.199999,1578360064
TBN,8/1/2024,5.7,5.9,5.7,5.7,31901,0.57,1.114151681,4.9099997,10,100000000
TC,8/1/2024,8.55,8.65,8.4,8.55,402801,0.5,1.144731557,1.17999995,17.1,330000000
TCAP,8/1/2024,46.5,46.75,46,47,1252007,6.47,0.68380545,7.0700005,7.1097374,1048600000
TCC,8/1/2024,0.43,0.44,0.42,0.43,551138,0.04,0.536159601,5.6799997,11,1395549952
TCCC,8/1/2024,,,,,,,,,,
TCJ,8/1/2024,3.2,3.3,3.2,3.3,1500,-0.11,0.254609984,,,105596000
TCMC,8/1/2024,0.82,0.82,0.81,0.81,18807,-0.03,0.27,,,763201024
TCOAT,8/1/2024,23,25,20.2,25,1,0.39,0.498107193,2,64.10257,10500000
TEAM,8/1/2024,4.12,4.14,4.04,4.04,313500,0.48,1.905660377,5.6700002,8.416667,637062976
TEAMG,8/1/2024,2.94,3.06,2.94,2.94,1375490,0.16,1.900452489,0.23,18.5,817902016
TEGH,8/1/2024,3.42,3.44,3.34,3.38,5564001,0.16,1.145374449,3.07,21.125002,1080000000
TEKA,8/1/2024,2.14,2.18,2.1,2.1,232800,0.35,0.754581387,4.82,6,300000000
TERA,8/1/2024,1.62,1.63,1.59,1.63,635693,0.12,2.211668928,2.73,13.333334,240000000
TFG,8/1/2024,4,4.04,3.94,3.98,3150244,-0.19,1.661101836,0.5,,5810820096
TFI,8/1/2024,0.08,0.08,0.07,0.08,251200,-0.02,0.695652174,,,16826200064
TFM,8/1/2024,8.8,8.85,8.75,8.8,59200,0.44,1.874334398,1.50999995,19.886364,500000000
TFMAMA,8/1/2024,199.5,199.5,198.5,199.5,5855,12.49,1.996677209,2.17,15.932747,329704000
TGE,8/1/2024,2.24,2.32,2.24,2.24,81136,0.11,2.056932966,0.11,20.545454,2200000000
TGH,8/1/2024,14.9,14.9,14.9,14.9,3,0.21,1.255371135,,70.952385,752097984
TGPRO,8/1/2024,0.09,0.1,0.09,0.09,2263454,-0.06,0.231362468,,,4719459840
TH,8/1/2024,0.71,0.71,0.69,0.7,1053719,0.1,0.42042042,,6.9,998337984
THAI,8/1/2024,,,,,,,,,,
THANA,8/1/2024,1.22,1.24,1.18,1.21,105600,0.04,0.596352883,4.63,30.000002,277375008
THANI,8/1/2024,1.78,1.86,1.78,1.77,11757022,0.19,0.846484935,1.15,9.473684,6229329920
THCOM,8/1/2024,12.6,12.8,12.5,12.6,7432315,0.5,1.338289963,1.06,25,1096099968
THE,8/1/2024,0.92,0.96,0.92,0.92,54493600,-0.17,0.511111111,16.389999,,1102060032
THG,8/1/2024,27.5,28,26.5,27,109933,0.11,2.363445378,1.7,240.90909,847467008
THIP,8/1/2024,27,27.25,26.75,27,4808,3.47,0.88646661,6.0599998,7.7809796,89999696
THL,8/1/2024,,,,,,,,,,
THMUI,8/1/2024,0.58,0.58,0.56,0.57,9400,-0.01,0.531716418,,,340000000
THRE,8/1/2024,0.59,0.59,0.58,0.59,380724,0.06,0.701545779,,9.666667,4214990080
THREL,8/1/2024,1.75,1.77,1.73,1.74,250325,-0.02,0.850855746,7.98,,620000000
TIDLOR,8/1/2024,15.7,16.3,15.7,15.6,19645826,1.36,1.54028436,1.7,11.691176,2913499904
TIGER,8/1/2024,0.64,0.64,0.59,0.65,36320,,0.509404389,,inf,460000000
TIPCO,8/1/2024,10,10,9.95,10,356969,-0.11,1.153535587,14.47,,482580000
TIPH,8/1/2024,28.5,28.5,27.5,28.25,370295,2.85,1.792740195,5.82,9.649123,594291968
TISCO,8/1/2024,92.75,93,92,92.5,3653895,9.04,1.79114304,8.3100006,10.176991,800646016
TITLE,8/1/2024,4,4,3.96,3.96,38500,-0.11,3.57400722,,,782056000
TK,8/1/2024,4.76,4.78,4.7,4.82,22800,0.04,0.430126718,5.23,118.5,500000000
TKC,8/1/2024,9.25,9.35,9.25,9.25,64334,0.83,0.922693267,1.62,11.20482,400000000
TKN,8/1/2024,9.6,9.75,9.5,9.6,2229057,0.63,5.243036592,6.0700003,15.079365,1380000000
TKS,8/1/2024,7.3,7.3,7.2,7.2,71973,0.58,0.909320535,3.5,12.413794,496748992
TKT,8/1/2024,1.7,1.75,1.7,1.73,14400,-0.1,0.953693495,,,350780000
TLI,8/1/2024,7.3,7.4,7.2,7.3,6413684,0.85,0.759230369,4.66,8.588235,11450000384
TM,8/1/2024,1.67,1.67,1.59,1.67,90330,-0.05,1.26707132,2.0499999,,308000000
TMC,8/1/2024,1.26,1.28,1.22,1.27,80000,0.01,0.948469007,,128,608606016
TMD,8/1/2024,24.8,24.8,24.1,24.1,1306,2.17,1.120200799,6.69,11.336406,150000000
TMI,8/1/2024,1.38,1.4,1.37,1.38,1103401,0.02,3.780821918,2.24,69.5,671441024
TMILL,8/1/2024,3.78,3.78,3.76,3.78,4301,0.06,1.420518602,3.7,62.666668,398664000
TMT,8/1/2024,4.56,4.64,4.56,4.62,26500,0.24,1.181283559,6.52,19.333334,870758016
TMW,8/1/2024,49.75,52,49.75,50.25,20944,11.3,0.622977647,6.89,4.535398,39900000
TNDT,8/1/2024,0.18,0.19,0.17,0.18,833205,-0.46,1.216216216,,,808070016
TNH,8/1/2024,35.5,35.5,35.25,35.25,68900,2.44,2.147556964,1.7,14.54918,180000000
TNITY,8/1/2024,4,4,3.98,4,27014,-1.47,0.613779346,,,214404992
TNL,8/1/2024,30,30,28.75,30,14500,1.7,0.863085819,0.94,17.647058,304623008
TNP,8/1/2024,3.52,3.6,3.52,3.5,514655,0.21,2.491103203,2.56,16.952381,800000000
TNPC,8/1/2024,0.98,1.01,0.97,1.01,5600,0.11,0.499011858,1.82,8.818182,340814016
TNR,8/1/2024,10.6,10.6,10.2,10.4,16300,0.91,2.975679542,4.95,11.318681,300000000
TOA,8/1/2024,18.2,18.6,18.1,18.2,1251461,1.36,2.465790543,3.8,13.455882,1998579968
TOG,8/1/2024,9.8,10,9.75,9.8,35824,0.9,1.981799798,6.84,10.944446,474318016
TOP,8/1/2024,51,51.75,50.75,50.5,11192796,9.28,0.6605711,6.8,5.549569,2233840128
TOPP,8/1/2024,168,168,168,168,1,20.88,0.605649848,3.96,8.045978,6000000
TPA,8/1/2024,3.96,3.96,3.96,3.96,1,0.13,1.127241674,6.31,30.46154,121500000
TPAC,8/1/2024,12.3,12.6,12.3,12.4,27100,1.49,1.492896701,3.69,8.2550335,326550016
TPBI,8/1/2024,4,4.06,3.96,4,44100,0.62,0.597728631,6.38,6.387097,416880000
TPCH,8/1/2024,6.1,6.2,6.1,6.1,80801,0.69,0.726449923,6.6700004,8.985507,401200000
TPCS,8/1/2024,13.1,13.2,13.1,13.2,4,0.67,0.532967255,4.9200002,19.701492,108000000
TPIPL,8/1/2024,1.14,1.16,1.12,1.14,10296098,0.17,0.398601399,8.47,6.647059,18935199744
TPIPP,8/1/2024,2.84,2.9,2.84,2.84,2679854,0.39,0.725229826,8.7,7.2820516,8400000000
TPL,8/1/2024,1.1,1.14,1.09,1.09,939010,-0.02,0.700064226,,,524000000
TPLAS,8/1/2024,1.21,1.24,1.18,1.22,900,0.05,1.049011178,3.3299997,24.8,270000000
TPOLY,8/1/2024,1.1,1.12,1.05,1.1,4241239,-0.52,0.767620377,,,572758976
TPP,8/1/2024,13.7,13.7,13.7,13.3,10000,0.36,0.539772727,1.65,38.055553,37500000
TPS,8/1/2024,2.9,2.96,2.9,2.92,398800,0.32,1.599123768,6.08,9.125,416288000
TQM,8/1/2024,28.25,28.25,27.25,28,157199,1.42,5.730659026,3.67,19.190142,600000000
TQR,8/1/2024,5.95,5.95,5.85,5.85,5986,0.45,2.521551724,7.08,13.111112,230000000
TR,8/1/2024,40,40,39.75,40,45000,-9.18,0.266695114,0.13,,201600000
TRC,8/1/2024,0.09,0.1,0.08,0.09,21676399,-0.07,12.85714286,,,11983899648
TRITN,8/1/2024,0.13,0.14,0.13,0.13,6237500,-0.03,1.226415094,,,11127600128
TRP,8/1/2024,9.25,10,9.25,9.25,945371,0.49,1.871333198,3.57,19.591837,350000000
TRT,8/1/2024,4.6,4.62,4.54,4.56,368300,0.85,1.130952381,4.61,5.388235,308008000
TRU,8/1/2024,2.68,2.74,2.68,2.76,3340,0.24,0.497745717,7.4099995,11.416667,672899008
TRUBB,8/1/2024,1.08,1.16,1.08,1.06,6195606,-0.42,0.290968982,9.0900004,,817776000
TRUE,8/1/2024,9.2,9.25,9.1,9.25,42617563,-0.54,3.755582623,,,34552098816
TRV,8/1/2024,2,2.02,2,2.04,4500,0.1,1.056447437,,20.199999,240000000
TSC,8/1/2024,14.1,14,13.9,14.2,2700,1.16,2.420729628,8.63,12.068966,259800000
TSE,8/1/2024,1.07,1.08,1.05,1.06,469808,-0.55,0.62426384,14,,2117319936
TSF,8/1/2024,,,,,,,,,,
TSI,8/1/2024,0.1,0.1,0.1,0.1,700,-0.1,1.612903226,,,1902909952
TSR,8/1/2024,,,,,,,,,,
TSTE,8/1/2024,12.9,13.8,12.9,13.8,1,0.24,1.535551352,0.87,57.500004,383327008
TSTH,8/1/2024,0.59,0.6,0.58,0.59,587548,0.01,0.390469887,4,60.000004,8421539840
TTA,8/1/2024,6.3,6.5,6.3,6.25,5875526,1.16,0.415227212,2.9000001,5.5603447,1822460032
TTB,8/1/2024,1.69,1.7,1.69,1.69,47243199,0.2,0.70066335,6.18,8.45,97104101376
TTCL,8/1/2024,3.58,3.6,3.56,3.6,28001,0.59,0.628272251,5.6199998,6.101695,616000000
TTI,8/1/2024,25,25.75,25,25.25,300,-2.15,0.527756877,2.0399999,,50000000
TTT,8/1/2024,51.25,52,51,51,1500,4.7,0.413440882,4.93,11.06383,57840000
TTW,8/1/2024,8.85,8.85,8.75,8.85,1974379,0.71,2.26111395,6.82,12.394367,3990000128
TU,8/1/2024,14.6,14.8,14.4,14.5,12689573,1.23,1.246346914,3.24,11.869919,4255130112
TURTLE,8/1/2024,5.9,7,5.9,7,400,-0.06,2.926421405,,,1589549952
TVDH,8/1/2024,0.27,0.27,0.26,0.26,1623800,-0.24,0.734463277,,,1752370048
TVH,8/1/2024,8.65,8.65,8.5,8.55,12800,0.98,1.257907901,4.67,8.67347,299788000
TVI,8/1/2024,,,,,,,,,,
TVO,8/1/2024,20.4,20.6,20.3,20.4,186463,1.03,1.747622719,3.97,19.708738,889470976
TVT,8/1/2024,0.42,0.45,0.42,0.43,494200,0.01,0.552699229,,43,800030016
TWP,8/1/2024,1.59,1.6,1.57,1.57,16436,-0.26,0.283189033,,,252131008
TWPC,8/1/2024,3.64,3.64,3.64,3.62,3800,0.02,0.615123195,2.5,182.00002,880420992
TWZ,8/1/2024,0.04,0.04,0.03,0.04,789567,,0.206185567,,inf,19861100544
TYCN,8/1/2024,2.36,2.36,2.34,2.36,100401,0.15,0.31682105,,15.733332,596748992
UAC,8/1/2024,3.44,3.48,3.44,3.44,8100,0.37,1.291776192,2.94,9.2972975,667606016
UBA,8/1/2024,0.97,1.01,0.97,0.99,44700,0.11,0.961165049,4.8499998,8.909091,600000000
UBE,8/1/2024,0.86,0.86,0.84,0.85,3119772,0.01,0.568942436,1.9,85.00001,3914289920
UBIS,8/1/2024,1.98,2.08,1.98,1.97,208000,-0.12,0.862899693,,,285000000
UEC,8/1/2024,1.78,1.79,1.76,1.78,503729,0.2,0.781387182,11.4300005,8.8,570510976
UKEM,8/1/2024,0.7,0.72,0.7,0.7,458200,0.01,0.987306065,1.4099999,70,1083900032
UMI,8/1/2024,0.65,0.69,0.65,0.67,194804,0.02,0.380681818,4.48,34,836505024
UMS,8/1/2024,0.39,0.39,0.39,0.37,705,-0.02,1.831683168,,,1288349952
UNIQ,8/1/2024,2.68,2.7,2.64,2.7,47100,0.14,0.352710647,1.88,19,1081020032
UOBKH,8/1/2024,4.88,5,4.88,5,1,0.15,0.59403588,0.8,33.333332,502448992
UP,8/1/2024,17.4,17.4,17.4,17.4,6001,1.8,0.68609282,6.7,9.666667,25000000
UPF,8/1/2024,33.5,33.5,33.5,33.25,100,1.89,0.699955792,2.55,17.724869,7500000
UPOIC,8/1/2024,6.3,6.3,6.2,6.3,5502,0.6,1.245551601,4.7199998,10.5,324049984
UREKA,8/1/2024,0.47,0.48,0.47,0.47,2155300,0.04,0.586766542,,11.75,1818860032
UTP,8/1/2024,10.9,10.9,10.8,10.8,61430,1.31,1.467191958,8.81,8.244275,650000000
UV,8/1/2024,1.55,1.57,1.54,1.55,118125,-0.1,0.269190691,5.73,,1911929984
UVAN,8/1/2024,8.35,8.45,8.35,8.35,54829,0.72,1.747593135,10.91,11.666666,940000000
VARO,8/1/2024,3.16,3.16,3.16,3.16,100,-0.8,0.394359166,,,99902096
VCOM,8/1/2024,2.52,2.56,2.52,2.54,219003,0.27,1.282180717,13.949999,9.481481,307004992
VGI,8/1/2024,1.64,1.84,1.64,1.63,250732056,-0.31,0.783653846,5.23,,11194500096
VIBHA,8/1/2024,2.14,2.16,2.12,2.14,281622,0.07,2.311015119,2.34,30.857143,13511700480
VIH,8/1/2024,10.4,10.5,10.3,10.4,282318,0.56,1.913875598,1.9,18.392857,608710016
VL,8/1/2024,1.15,1.15,1.15,1.15,159900,0.03,1.326412918,2.17,38.333332,1183629952
VNG,8/1/2024,3.44,3.46,3.38,3.4,20202,0.2,0.80587817,0.58999998,17.1,1735239936
VPO,8/1/2024,0.52,0.55,0.52,0.52,545903,-0.16,1.160714286,,,940000000
VRANDA,8/1/2024,5.5,5.5,5.4,5.5,12201,-0.35,0.963897652,,,319681984
W,8/1/2024,0.6,0.62,0.6,0.62,2336900,-0.67,4.696969697,,,1271820032
WACOAL,8/1/2024,30.5,30.5,30.5,30,100,0.46,0.662193184,2.33,66.304344,120000000
WARRIX,8/1/2024,4,4.1,3.98,4,811863,0.23,1.672940192,2.31,17.304348,589080000
WAVE,8/1/2024,0.12,0.13,0.12,0.13,4679700,,1.262135922,,,11456300032
WFX,8/1/2024,1.17,1.22,1.16,1.18,159984,-0.31,0.297754227,12.43,,464200000
WGE,8/1/2024,0.78,0.8,0.76,0.78,40000,-0.2,1.452513966,,,600000000
WHA,8/1/2024,5.25,5.35,5.2,5.25,33521630,0.35,2.272727273,5.52,15,14946799616
WHAUP,8/1/2024,4.16,4.16,4.1,4.16,1998813,0.49,1.140350877,8.68,8.367347,3824999936
WICE,8/1/2024,6.55,6.8,6.55,6.55,2520407,0.23,2.694364459,3.81,29.130434,640998976
WIIK,8/1/2024,1,1.03,0.99,0.98,180925,0.05,0.385674931,6.25,19.8,837683008
WIN,8/1/2024,0.55,0.55,0.52,0.53,379215,0.02,0.812883436,,26,561144000
WINDOW,8/1/2024,1.12,1.13,1.11,1.12,607000,0.04,1.117764471,2.0399999,27.750002,888000000
WINMED,8/1/2024,1.75,1.77,1.74,1.75,258115,0.07,1.152832675,1.66,25,400000000
WINNER,8/1/2024,2.02,2.04,2,2.02,43195,0.15,1.92564347,7.5,13.599999,599974976
WORK,8/1/2024,10.1,10.1,9.95,10.1,173100,-0.02,1.005475361,1.8,,441560000
WP,8/1/2024,3.46,3.48,3.42,3.48,4188,0.22,1.319681456,8,15.818182,510504992
WPH,8/1/2024,11,11.1,11,11.1,375779,0.29,5.066179827,0.88,38.275864,673200000
XO,8/1/2024,24.6,25.25,24.5,24.4,1204517,2.23,5.029890744,4.5100003,11.210762,428264000
XPG,8/1/2024,0.96,0.96,0.93,0.96,24493434,0.02,0.845070423,,47,10700199936
YGG,8/1/2024,1.51,1.54,1.4,1.48,90014319,0.12,1.357798165,3.78,12.000001,601996992
YONG,8/1/2024,1.53,1.55,1.52,1.54,78400,0.2,1.112716763,4.71,7.6499996,680000000
YUASA,8/1/2024,10.9,10.9,10.8,10.9,11029,1.34,1.023378087,3.75,8.059701,107625000
ZAA,8/1/2024,0.68,0.7,0.68,0.7,19202,-0.04,2.208201893,,,1300120064
ZEN,8/1/2024,5.8,5.9,5.8,5.8,108602,0.47,1.23746533,5.04,12.340426,298184992
ZIGA,8/1/2024,1.7,1.72,1.63,1.69,1442483,0.05,1.573556797,,32.6,737328000
